http://ichef.bbci.co.uk/naturelibrary/images/ic/640x360/b/bh/bharal/bharal_1.jpg
http://ichef.bbci.co.uk/naturelibrary/images/ic/83x104/b/bh/bharal/bharal_1.jpg
http://ichef.bbci.co.uk/naturelibrary/images/ic/640x360/r/re/requiem_shark/requiem_shark_1.jpg
http://ichef.bbci.co.uk/naturelibrary/images/ic/640x360/h/he/helix_aspersa/helix_aspersa_1.jpg
http://ichef.bbci.co.uk/naturelibrary/images/ic/640x360/n/no/nomascus/nomascus_1.jpg
http://ichef.bbci.co.uk/naturelibrary/images/ic/83x104/n/no/nomascus/nomascus_1.jpg
http://ichef.bbci.co.uk/naturelibrary/images/ic/640x360/c/cl/clarks_grebe/clarks_grebe_1.jpg
http://ichef.bbci.co.uk/naturelibrary/images/ic/83x104/c/cl/clarks_grebe/clarks_grebe_1.jpg
http://ichef.bbci.co.uk/naturelibrary/images/ic/640x360/h/ho/homo_erectus/homo_erectus_1.jpg
http://ichef.bbci.co.uk/naturelibrary/images/ic/640x360/c/ch/charadriidae/charadriidae_1.jpg
http://ichef.bbci.co.uk/naturelibrary/images/ic/83x104/c/ch/charadriidae/charadriidae_1.jpg
http://ichef.bbci.co.uk/naturelibrary/images/ic/640x360/t/th/thrush_bird/thrush_bird_1.jpg
http://ichef.bbci.co.uk/naturelibrary/images/ic/83x104/t/th/thrush_bird/thrush_bird_1.jpg
http://ichef.bbci.co.uk/naturelibrary/images/ic/640x360/g/ga/garden_warbler/garden_warbler_1.jpg
http://ichef.bbci.co.uk/naturelibrary/images/ic/83x104/g/ga/garden_warbler/garden_warbler_1.jpg
http://ichef.bbci.co.uk/naturelibrary/images/ic/640x360/r/ro/rorqual/rorqual_1.jpg
http://ichef.bbci.co.uk/naturelibrary/images/ic/640x360/m/ma/macraucheniidae/macraucheniidae_1.jpg
http://ichef.bbci.co.uk/naturelibrary/images/ic/83x104/m/ma/macraucheniidae/macraucheniidae_1.jpg
http://ichef.bbci.co.uk/naturelibrary/images/ic/640x360/g/ga/garrulus/garrulus_1.jpg
http://ichef.bbci.co.uk/naturelibrary/images/ic/83x104/g/ga/garrulus/garrulus_1.jpg
