http://ichef.bbci.co.uk/naturelibrary/images/ic/640x360/s/si/siberian_salamander/siberian_salamander_1.jpg
http://ichef.bbci.co.uk/naturelibrary/images/ic/83x104/s/si/siberian_salamander/siberian_salamander_1.jpg
http://ichef.bbci.co.uk/naturelibrary/images/ic/640x360/b/bi/bighorn_sheep/bighorn_sheep_1.jpg
http://ichef.bbci.co.uk/naturelibrary/images/ic/83x104/b/bi/bighorn_sheep/bighorn_sheep_1.jpg
http://ichef.bbci.co.uk/naturelibrary/images/ic/640x360/g/gu/gunnisons_prairie_dog/gunnisons_prairie_dog_1.jpg
http://ichef.bbci.co.uk/naturelibrary/images/ic/83x104/g/gu/gunnisons_prairie_dog/gunnisons_prairie_dog_1.jpg
http://ichef.bbci.co.uk/naturelibrary/images/ic/640x360/g/go/gorilla/gorilla_1.jpg
http://ichef.bbci.co.uk/naturelibrary/images/ic/83x104/g/go/gorilla/gorilla_1.jpg
http://ichef.bbci.co.uk/naturelibrary/images/ic/640x360/a/an/ancient_woodland/ancient_woodland_1.jpg
http://ichef.bbci.co.uk/naturelibrary/images/ic/640x360/c/ca/canidae/canidae_1.jpg
http://ichef.bbci.co.uk/naturelibrary/images/ic/83x104/c/ca/canidae/canidae_1.jpg
http://ichef.bbci.co.uk/naturelibrary/images/ic/640x360/h/he/heath_habitat/heath_habitat_1.jpg
http://ichef.bbci.co.uk/naturelibrary/images/ic/83x104/h/he/heath_habitat/heath_habitat_1.jpg
http://ichef.bbci.co.uk/naturelibrary/images/ic/640x360/g/gr/great_diving_beetle/great_diving_beetle_1.jpg
http://ichef.bbci.co.uk/naturelibrary/images/ic/83x104/g/gr/great_diving_beetle/great_diving_beetle_1.jpg
http://ichef.bbci.co.uk/naturelibrary/images/ic/640x360/l/la/lacertidae/lacertidae_1.jpg
http://ichef.bbci.co.uk/naturelibrary/images/ic/83x104/l/la/lacertidae/lacertidae_1.jpg
http://ichef.bbci.co.uk/naturelibrary/images/ic/640x360/e/eu/european_honey_bee/european_honey_bee_1.jpg
http://ichef.bbci.co.uk/naturelibrary/images/ic/83x104/e/eu/european_honey_bee/european_honey_bee_1.jpg
http://ichef.bbci.co.uk/naturelibrary/images/ic/640x360/g/ga/galliformes/galliformes_1.jpg
http://ichef.bbci.co.uk/naturelibrary/images/ic/83x104/g/ga/galliformes/galliformes_1.jpg
http://ichef.bbci.co.uk/naturelibrary/images/ic/640x360/a/ac/actinopterygii/actinopterygii_1.jpg
http://ichef.bbci.co.uk/naturelibrary/images/ic/83x104/a/ac/actinopterygii/actinopterygii_1.jpg
http://ichef.bbci.co.uk/naturelibrary/images/ic/640x360/h/hu/humboldt_penguin/humboldt_penguin_1.jpg
http://ichef.bbci.co.uk/naturelibrary/images/ic/83x104/h/hu/humboldt_penguin/humboldt_penguin_1.jpg
http://ichef.bbci.co.uk/naturelibrary/images/ic/640x360/a/an/antarctic_fur_seal/antarctic_fur_seal_1.jpg
http://ichef.bbci.co.uk/naturelibrary/images/ic/83x104/a/an/antarctic_fur_seal/antarctic_fur_seal_1.jpg
http://ichef.bbci.co.uk/naturelibrary/images/ic/640x360/m/ma/macaroni_penguin/macaroni_penguin_1.jpg
http://ichef.bbci.co.uk/naturelibrary/images/ic/83x104/m/ma/macaroni_penguin/macaroni_penguin_1.jpg
http://ichef.bbci.co.uk/naturelibrary/images/ic/640x360/c/co/coal_tit/coal_tit_1.jpg
http://ichef.bbci.co.uk/naturelibrary/images/ic/640x360/b/br/brant_goose/brant_goose_1.jpg
http://ichef.bbci.co.uk/naturelibrary/images/ic/83x104/b/br/brant_goose/brant_goose_1.jpg
http://ichef.bbci.co.uk/naturelibrary/images/ic/640x360/p/pi/pinus_longaeva/pinus_longaeva_1.jpg
http://ichef.bbci.co.uk/naturelibrary/images/ic/640x360/p/pa/parotia/parotia_1.jpg
http://ichef.bbci.co.uk/naturelibrary/images/ic/83x104/p/pa/parotia/parotia_1.jpg
http://ichef.bbci.co.uk/naturelibrary/images/ic/640x360/w/wi/wild_boar/wild_boar_1.jpg
http://ichef.bbci.co.uk/naturelibrary/images/ic/640x360/m/ma/manx_shearwater/manx_shearwater_1.jpg
http://ichef.bbci.co.uk/naturelibrary/images/ic/640x360/i/ir/irish_elk/irish_elk_1.jpg
http://ichef.bbci.co.uk/naturelibrary/images/ic/83x104/i/ir/irish_elk/irish_elk_1.jpg
http://ichef.bbci.co.uk/naturelibrary/images/ic/261x326/collections/p00hldcc/portrait.jpg
http://ichef.bbci.co.uk/naturelibrary/images/ic/83x104/collections/p00hldcc/portrait.jpg
http://ichef.bbci.co.uk/naturelibrary/images/ic/640x360/s/st/strongylocentrotus_purpuratus/strongylocentrotus_purpuratus_1.jpg
http://ichef.bbci.co.uk/naturelibrary/images/ic/83x104/s/st/strongylocentrotus_purpuratus/strongylocentrotus_purpuratus_1.jpg
http://ichef.bbci.co.uk/naturelibrary/images/ic/640x360/m/mo/monogamous_pairing_in_animals/monogamous_pairing_in_animals_1.jpg
http://ichef.bbci.co.uk/naturelibrary/images/ic/83x104/m/mo/monogamous_pairing_in_animals/monogamous_pairing_in_animals_1.jpg
http://ichef.bbci.co.uk/naturelibrary/images/ic/640x360/p/pr/procyonidae/procyonidae_1.jpg
http://ichef.bbci.co.uk/naturelibrary/images/ic/83x104/p/pr/procyonidae/procyonidae_1.jpg
http://ichef.bbci.co.uk/naturelibrary/images/ic/640x360/w/wo/wood_stork/wood_stork_1.jpg
http://ichef.bbci.co.uk/naturelibrary/images/ic/83x104/w/wo/wood_stork/wood_stork_1.jpg
http://ichef.bbci.co.uk/naturelibrary/images/ic/640x360/g/gr/great_crested_newt/great_crested_newt_1.jpg
http://ichef.bbci.co.uk/naturelibrary/images/ic/640x360/a/an/andean_condor/andean_condor_1.jpg
http://ichef.bbci.co.uk/naturelibrary/images/ic/83x104/a/an/andean_condor/andean_condor_1.jpg
http://ichef.bbci.co.uk/naturelibrary/images/ic/640x360/s/st/storm-petrel/storm-petrel_1.jpg
http://ichef.bbci.co.uk/naturelibrary/images/ic/83x104/s/st/storm-petrel/storm-petrel_1.jpg
http://ichef.bbci.co.uk/naturelibrary/images/ic/640x360/t/ti/tiger/tiger_1.jpg
http://ichef.bbci.co.uk/naturelibrary/images/ic/640x360/m/mu/muskox/muskox_1.jpg
http://ichef.bbci.co.uk/naturelibrary/images/ic/83x104/m/mu/muskox/muskox_1.jpg
http://ichef.bbci.co.uk/naturelibrary/images/ic/640x360/p/pe/perciformes/perciformes_1.jpg
http://ichef.bbci.co.uk/naturelibrary/images/ic/83x104/p/pe/perciformes/perciformes_1.jpg
http://ichef.bbci.co.uk/naturelibrary/images/ic/640x360/h/ho/hominidae/hominidae_1.jpg
http://ichef.bbci.co.uk/naturelibrary/images/ic/83x104/h/ho/hominidae/hominidae_1.jpg
http://ichef.bbci.co.uk/naturelibrary/images/ic/640x360/m/ma/macrocystis/macrocystis_1.jpg
http://ichef.bbci.co.uk/naturelibrary/images/ic/83x104/m/ma/macrocystis/macrocystis_1.jpg
http://ichef.bbci.co.uk/naturelibrary/images/ic/640x360/s/su/sunflower_starfish/sunflower_starfish_1.jpg
http://ichef.bbci.co.uk/naturelibrary/images/ic/83x104/s/su/sunflower_starfish/sunflower_starfish_1.jpg
http://ichef.bbci.co.uk/naturelibrary/images/ic/640x360/f/fa/falconiformes/falconiformes_1.jpg
http://ichef.bbci.co.uk/naturelibrary/images/ic/640x360/b/bi/birds_of_paradise/birds_of_paradise_1.jpg
http://ichef.bbci.co.uk/naturelibrary/images/ic/83x104/b/bi/birds_of_paradise/birds_of_paradise_1.jpg
http://ichef.bbci.co.uk/naturelibrary/images/ic/640x360/o/or/orthoptera/orthoptera_1.jpg
http://ichef.bbci.co.uk/naturelibrary/images/ic/83x104/o/or/orthoptera/orthoptera_1.jpg
http://ichef.bbci.co.uk/naturelibrary/images/ic/640x360/p/py/pycnopodia/pycnopodia_1.jpg
http://ichef.bbci.co.uk/naturelibrary/images/ic/83x104/p/py/pycnopodia/pycnopodia_1.jpg
http://ichef.bbci.co.uk/naturelibrary/images/ic/640x360/p/po/polychaete/polychaete_1.jpg
http://ichef.bbci.co.uk/naturelibrary/images/ic/83x104/p/po/polychaete/polychaete_1.jpg
http://ichef.bbci.co.uk/naturelibrary/images/ic/640x360/t/ty/typical_warbler/typical_warbler_1.jpg
http://ichef.bbci.co.uk/naturelibrary/images/ic/83x104/t/ty/typical_warbler/typical_warbler_1.jpg
http://ichef.bbci.co.uk/naturelibrary/images/ic/640x360/r/ra/rajiformes/rajiformes_1.jpg
http://ichef.bbci.co.uk/naturelibrary/images/ic/83x104/r/ra/rajiformes/rajiformes_1.jpg
http://ichef.bbci.co.uk/naturelibrary/images/ic/640x360/d/di/diplodocid/diplodocid_1.jpg
http://ichef.bbci.co.uk/naturelibrary/images/ic/83x104/d/di/diplodocid/diplodocid_1.jpg
http://ichef.bbci.co.uk/naturelibrary/images/ic/640x360/b/bi/bird/bird_1.jpg
http://ichef.bbci.co.uk/naturelibrary/images/ic/640x360/e/ev/even-toed_ungulate/even-toed_ungulate_1.jpg
http://ichef.bbci.co.uk/naturelibrary/images/ic/83x104/e/ev/even-toed_ungulate/even-toed_ungulate_1.jpg
http://ichef.bbci.co.uk/naturelibrary/images/ic/640x360/m/mo/monodontidae/monodontidae_1.jpg
http://ichef.bbci.co.uk/naturelibrary/images/ic/640x360/s/st/streptopelia/streptopelia_1.jpg
http://ichef.bbci.co.uk/naturelibrary/images/ic/83x104/s/st/streptopelia/streptopelia_1.jpg
http://ichef.bbci.co.uk/naturelibrary/images/ic/640x360/l/la/lawess_parotia/lawess_parotia_1.jpg
http://ichef.bbci.co.uk/naturelibrary/images/ic/83x104/l/la/lawess_parotia/lawess_parotia_1.jpg
http://ichef.bbci.co.uk/naturelibrary/images/ic/640x360/d/di/diprotodontia/diprotodontia_1.jpg
http://ichef.bbci.co.uk/naturelibrary/images/ic/83x104/d/di/diprotodontia/diprotodontia_1.jpg
http://ichef.bbci.co.uk/naturelibrary/images/ic/640x360/l/le/leaf-warbler/leaf-warbler_1.jpg
http://ichef.bbci.co.uk/naturelibrary/images/ic/83x104/l/le/leaf-warbler/leaf-warbler_1.jpg
http://ichef.bbci.co.uk/naturelibrary/images/ic/640x360/d/di/dicotyledon/dicotyledon_1.jpg
http://ichef.bbci.co.uk/naturelibrary/images/ic/83x104/d/di/dicotyledon/dicotyledon_1.jpg
http://ichef.bbci.co.uk/naturelibrary/images/ic/640x360/m/ma/mallard/mallard_1.jpg
http://ichef.bbci.co.uk/naturelibrary/images/ic/640x360/t/ti/titanosauridae/titanosauridae_1.jpg
http://ichef.bbci.co.uk/naturelibrary/images/ic/83x104/t/ti/titanosauridae/titanosauridae_1.jpg
http://ichef.bbci.co.uk/naturelibrary/images/ic/640x360/g/ga/gastornithiformes/gastornithiformes_1.jpg
http://ichef.bbci.co.uk/naturelibrary/images/ic/83x104/g/ga/gastornithiformes/gastornithiformes_1.jpg
