http://ichef.bbci.co.uk/naturelibrary/images/ic/640x360/k/ko/koala/koala_1.jpg
http://ichef.bbci.co.uk/naturelibrary/images/ic/83x104/k/ko/koala/koala_1.jpg
http://ichef.bbci.co.uk/naturelibrary/images/ic/640x360/s/so/south_american_gray_fox/south_american_gray_fox_1.jpg
http://ichef.bbci.co.uk/naturelibrary/images/ic/83x104/s/so/south_american_gray_fox/south_american_gray_fox_1.jpg
http://ichef.bbci.co.uk/naturelibrary/images/ic/640x360/e/eu/eurasian_oystercatcher/eurasian_oystercatcher_1.jpg
http://ichef.bbci.co.uk/naturelibrary/images/ic/83x104/e/eu/eurasian_oystercatcher/eurasian_oystercatcher_1.jpg
http://ichef.bbci.co.uk/naturelibrary/images/ic/640x360/t/te/tettigoniidae/tettigoniidae_1.jpg
http://ichef.bbci.co.uk/naturelibrary/images/ic/83x104/t/te/tettigoniidae/tettigoniidae_1.jpg
http://ichef.bbci.co.uk/naturelibrary/images/ic/640x360/a/at/atlantic_sailfish/atlantic_sailfish_1.jpg
http://ichef.bbci.co.uk/naturelibrary/images/ic/83x104/a/at/atlantic_sailfish/atlantic_sailfish_1.jpg
http://ichef.bbci.co.uk/naturelibrary/images/ic/640x360/b/br/brown_basilisk/brown_basilisk_1.jpg
http://ichef.bbci.co.uk/naturelibrary/images/ic/83x104/b/br/brown_basilisk/brown_basilisk_1.jpg
http://ichef.bbci.co.uk/naturelibrary/images/ic/640x360/m/ma/majidae/majidae_1.jpg
http://ichef.bbci.co.uk/naturelibrary/images/ic/83x104/m/ma/majidae/majidae_1.jpg
http://ichef.bbci.co.uk/naturelibrary/images/ic/640x360/t/tr/triceratops/triceratops_1.jpg
http://ichef.bbci.co.uk/naturelibrary/images/ic/83x104/t/tr/triceratops/triceratops_1.jpg
