http://ichef.bbci.co.uk/naturelibrary/images/ic/640x360/m/ma/marsh_fritillary/marsh_fritillary_1.jpg
http://ichef.bbci.co.uk/naturelibrary/images/ic/640x360/m/ma/majungasaurus/majungasaurus_1.jpg
http://ichef.bbci.co.uk/naturelibrary/images/ic/640x360/g/gr/great_spotted_woodpecker/great_spotted_woodpecker_1.jpg
http://ichef.bbci.co.uk/naturelibrary/images/ic/83x104/g/gr/great_spotted_woodpecker/great_spotted_woodpecker_1.jpg
http://ichef.bbci.co.uk/naturelibrary/images/ic/640x360/r/ro/rose-ringed_parakeet/rose-ringed_parakeet_1.jpg
http://ichef.bbci.co.uk/naturelibrary/images/ic/83x104/r/ro/rose-ringed_parakeet/rose-ringed_parakeet_1.jpg
http://ichef.bbci.co.uk/naturelibrary/images/ic/640x360/t/tr/tropical_and_subtropical_dry_broadleaf_forests/tropical_and_subtropical_dry_broadleaf_forests_1.jpg
http://ichef.bbci.co.uk/naturelibrary/images/ic/83x104/t/tr/tropical_and_subtropical_dry_broadleaf_forests/tropical_and_subtropical_dry_broadleaf_forests_1.jpg
http://ichef.bbci.co.uk/naturelibrary/images/ic/640x360/f/fi/finch/finch_1.jpg
http://ichef.bbci.co.uk/naturelibrary/images/ic/83x104/f/fi/finch/finch_1.jpg
http://ichef.bbci.co.uk/naturelibrary/images/ic/640x360/m/mo/monodontidae/monodontidae_1.jpg
http://ichef.bbci.co.uk/naturelibrary/images/ic/640x360/o/or/orthoptera/orthoptera_1.jpg
http://ichef.bbci.co.uk/naturelibrary/images/ic/83x104/o/or/orthoptera/orthoptera_1.jpg
http://ichef.bbci.co.uk/naturelibrary/images/ic/640x360/a/ac/accipiter/accipiter_1.jpg
http://ichef.bbci.co.uk/naturelibrary/images/ic/83x104/a/ac/accipiter/accipiter_1.jpg
http://ichef.bbci.co.uk/naturelibrary/images/ic/640x360/u/ur/uroplatus/uroplatus_1.jpg
http://ichef.bbci.co.uk/naturelibrary/images/ic/83x104/u/ur/uroplatus/uroplatus_1.jpg
http://ichef.bbci.co.uk/naturelibrary/images/ic/640x360/o/oy/oystercatcher/oystercatcher_1.jpg
http://ichef.bbci.co.uk/naturelibrary/images/ic/83x104/o/oy/oystercatcher/oystercatcher_1.jpg
http://ichef.bbci.co.uk/naturelibrary/images/ic/640x360/b/bl/black-legged_kittiwake/black-legged_kittiwake_1.jpg
http://ichef.bbci.co.uk/naturelibrary/images/ic/640x360/h/he/hedge/hedge_1.jpg
http://ichef.bbci.co.uk/naturelibrary/images/ic/83x104/h/he/hedge/hedge_1.jpg
http://ichef.bbci.co.uk/naturelibrary/images/ic/640x360/v/ve/vesper_bat/vesper_bat_1.jpg
http://ichef.bbci.co.uk/naturelibrary/images/ic/83x104/v/ve/vesper_bat/vesper_bat_1.jpg
http://ichef.bbci.co.uk/naturelibrary/images/ic/640x360/d/de/desert_locust/desert_locust_1.jpg
http://ichef.bbci.co.uk/naturelibrary/images/ic/83x104/d/de/desert_locust/desert_locust_1.jpg
http://ichef.bbci.co.uk/naturelibrary/images/ic/640x360/h/hy/hymenoptera/hymenoptera_1.jpg
http://ichef.bbci.co.uk/naturelibrary/images/ic/83x104/h/hy/hymenoptera/hymenoptera_1.jpg
http://ichef.bbci.co.uk/naturelibrary/images/ic/640x360/w/wi/winter_wren/winter_wren_1.jpg
http://ichef.bbci.co.uk/naturelibrary/images/ic/640x360/a/ae/aegithalidae/aegithalidae_1.jpg
http://ichef.bbci.co.uk/naturelibrary/images/ic/83x104/a/ae/aegithalidae/aegithalidae_1.jpg
http://ichef.bbci.co.uk/naturelibrary/images/ic/640x360/a/am/american_mink/american_mink_1.jpg
http://ichef.bbci.co.uk/naturelibrary/images/ic/640x360/h/ha/harpy_eagle/harpy_eagle_1.jpg
http://ichef.bbci.co.uk/naturelibrary/images/ic/83x104/h/ha/harpy_eagle/harpy_eagle_1.jpg
http://ichef.bbci.co.uk/naturelibrary/images/ic/640x360/m/ma/marsh/marsh_1.jpg
http://ichef.bbci.co.uk/naturelibrary/images/ic/83x104/m/ma/marsh/marsh_1.jpg
http://ichef.bbci.co.uk/naturelibrary/images/ic/640x360/l/li/lion/lion_1.jpg
http://ichef.bbci.co.uk/naturelibrary/images/ic/640x360/b/by/bythograeidae/bythograeidae_1.jpg
http://ichef.bbci.co.uk/naturelibrary/images/ic/83x104/b/by/bythograeidae/bythograeidae_1.jpg
http://ichef.bbci.co.uk/naturelibrary/images/ic/640x360/t/ti/tit_bird/tit_bird_1.jpg
http://ichef.bbci.co.uk/naturelibrary/images/ic/83x104/t/ti/tit_bird/tit_bird_1.jpg
http://ichef.bbci.co.uk/naturelibrary/images/ic/640x360/a/ar/arthropod/arthropod_1.jpg
http://ichef.bbci.co.uk/naturelibrary/images/ic/83x104/a/ar/arthropod/arthropod_1.jpg
http://ichef.bbci.co.uk/naturelibrary/images/ic/640x360/d/de/decapoda/decapoda_1.jpg
http://ichef.bbci.co.uk/naturelibrary/images/ic/83x104/d/de/decapoda/decapoda_1.jpg
http://ichef.bbci.co.uk/naturelibrary/images/ic/640x360/s/so/socotra_cormorant/socotra_cormorant_1.jpg
http://ichef.bbci.co.uk/naturelibrary/images/ic/83x104/s/so/socotra_cormorant/socotra_cormorant_1.jpg
http://ichef.bbci.co.uk/naturelibrary/images/ic/640x360/g/go/golden_eagle/golden_eagle_1.jpg
http://ichef.bbci.co.uk/naturelibrary/images/ic/640x360/a/ap/apatosaurus/apatosaurus_1.jpg
http://ichef.bbci.co.uk/naturelibrary/images/ic/83x104/a/ap/apatosaurus/apatosaurus_1.jpg
http://ichef.bbci.co.uk/naturelibrary/images/ic/640x360/s/st/stock_pigeon/stock_pigeon_1.jpg
http://ichef.bbci.co.uk/naturelibrary/images/ic/83x104/s/st/stock_pigeon/stock_pigeon_1.jpg
http://ichef.bbci.co.uk/naturelibrary/images/ic/640x360/p/po/pompeii_worm/pompeii_worm_1.jpg
http://ichef.bbci.co.uk/naturelibrary/images/ic/83x104/p/po/pompeii_worm/pompeii_worm_1.jpg
http://ichef.bbci.co.uk/naturelibrary/images/ic/640x360/c/co/common_raven/common_raven_1.jpg
http://ichef.bbci.co.uk/naturelibrary/images/ic/640x360/a/au/austropotamobius_pallipes/austropotamobius_pallipes_1.jpg
http://ichef.bbci.co.uk/naturelibrary/images/ic/83x104/a/au/austropotamobius_pallipes/austropotamobius_pallipes_1.jpg
http://ichef.bbci.co.uk/naturelibrary/images/ic/640x360/l/lo/loon/loon_1.jpg
http://ichef.bbci.co.uk/naturelibrary/images/ic/83x104/l/lo/loon/loon_1.jpg
http://ichef.bbci.co.uk/naturelibrary/images/ic/640x360/s/sw/swamp/swamp_1.jpg
http://ichef.bbci.co.uk/naturelibrary/images/ic/83x104/s/sw/swamp/swamp_1.jpg
http://ichef.bbci.co.uk/naturelibrary/images/ic/640x360/m/ma/mallard/mallard_1.jpg
http://ichef.bbci.co.uk/naturelibrary/images/ic/640x360/n/na/narwhal/narwhal_1.jpg
http://ichef.bbci.co.uk/naturelibrary/images/ic/83x104/n/na/narwhal/narwhal_1.jpg
http://ichef.bbci.co.uk/naturelibrary/images/ic/640x360/c/cr/crocodilia/crocodilia_1.jpg
http://ichef.bbci.co.uk/naturelibrary/images/ic/83x104/c/cr/crocodilia/crocodilia_1.jpg
http://ichef.bbci.co.uk/naturelibrary/images/ic/640x360/e/en/english_lowlands_beech_forests/english_lowlands_beech_forests_1.jpg
http://ichef.bbci.co.uk/naturelibrary/images/ic/83x104/e/en/english_lowlands_beech_forests/english_lowlands_beech_forests_1.jpg
http://ichef.bbci.co.uk/naturelibrary/images/ic/640x360/i/ig/iguanidae/iguanidae_1.jpg
http://ichef.bbci.co.uk/naturelibrary/images/ic/83x104/i/ig/iguanidae/iguanidae_1.jpg
http://ichef.bbci.co.uk/naturelibrary/images/ic/640x360/p/pa/passerine/passerine_1.jpg
http://ichef.bbci.co.uk/naturelibrary/images/ic/83x104/p/pa/passerine/passerine_1.jpg
http://ichef.bbci.co.uk/naturelibrary/images/ic/640x360/c/ch/charadrius/charadrius_1.jpg
http://ichef.bbci.co.uk/naturelibrary/images/ic/640x360/a/ab/abscission/abscission_1.jpg
http://ichef.bbci.co.uk/naturelibrary/images/ic/83x104/a/ab/abscission/abscission_1.jpg
http://ichef.bbci.co.uk/naturelibrary/images/ic/640x360/d/da/daspletosaurus/daspletosaurus_1.jpg
http://ichef.bbci.co.uk/naturelibrary/images/ic/640x360/m/ma/majidae/majidae_1.jpg
http://ichef.bbci.co.uk/naturelibrary/images/ic/83x104/m/ma/majidae/majidae_1.jpg
http://ichef.bbci.co.uk/naturelibrary/images/ic/640x360/s/sp/sparrow/sparrow_1.jpg
http://ichef.bbci.co.uk/naturelibrary/images/ic/83x104/s/sp/sparrow/sparrow_1.jpg
http://ichef.bbci.co.uk/naturelibrary/images/ic/640x360/t/ty/tyrannosauridae/tyrannosauridae_1.jpg
http://ichef.bbci.co.uk/naturelibrary/images/ic/83x104/t/ty/tyrannosauridae/tyrannosauridae_1.jpg
http://ichef.bbci.co.uk/naturelibrary/images/ic/261x326/collections/p0057tcr/portrait.jpg
http://ichef.bbci.co.uk/naturelibrary/images/ic/83x104/collections/p0057tcr/portrait.jpg
http://ichef.bbci.co.uk/naturelibrary/images/ic/640x360/p/pa/panuridae/panuridae_1.jpg
http://ichef.bbci.co.uk/naturelibrary/images/ic/83x104/p/pa/panuridae/panuridae_1.jpg
http://ichef.bbci.co.uk/naturelibrary/images/ic/640x360/s/sy/symphalangus/symphalangus_1.jpg
http://ichef.bbci.co.uk/naturelibrary/images/ic/83x104/s/sy/symphalangus/symphalangus_1.jpg
http://ichef.bbci.co.uk/naturelibrary/images/ic/640x360/e/eu/european_robin/european_robin_1.jpg
http://ichef.bbci.co.uk/naturelibrary/images/ic/640x360/e/eu/euophrys_omnisuperstes/euophrys_omnisuperstes_1.jpg
http://ichef.bbci.co.uk/naturelibrary/images/ic/83x104/e/eu/euophrys_omnisuperstes/euophrys_omnisuperstes_1.jpg
http://ichef.bbci.co.uk/naturelibrary/images/ic/640x360/c/co/common_cuttlefish/common_cuttlefish_1.jpg
http://ichef.bbci.co.uk/naturelibrary/images/ic/640x360/b/bu/buteo/buteo_1.jpg
http://ichef.bbci.co.uk/naturelibrary/images/ic/83x104/b/bu/buteo/buteo_1.jpg
http://ichef.bbci.co.uk/naturelibrary/images/ic/640x360/b/bl/blue_wildebeest/blue_wildebeest_1.jpg
http://ichef.bbci.co.uk/naturelibrary/images/ic/640x360/u/ua/uakari/uakari_1.jpg
http://ichef.bbci.co.uk/naturelibrary/images/ic/83x104/u/ua/uakari/uakari_1.jpg
http://ichef.bbci.co.uk/naturelibrary/images/ic/640x360/g/go/goliath_birdeater/goliath_birdeater_1.jpg
http://ichef.bbci.co.uk/naturelibrary/images/ic/640x360/m/mi/microraptor/microraptor_1.jpg
http://ichef.bbci.co.uk/naturelibrary/images/ic/640x360/f/fl/flooded_grasslands_and_savannas/flooded_grasslands_and_savannas_1.jpg
http://ichef.bbci.co.uk/naturelibrary/images/ic/83x104/f/fl/flooded_grasslands_and_savannas/flooded_grasslands_and_savannas_1.jpg
http://ichef.bbci.co.uk/naturelibrary/images/ic/640x360/p/pa/park/park_1.jpg
http://ichef.bbci.co.uk/naturelibrary/images/ic/83x104/p/pa/park/park_1.jpg
http://ichef.bbci.co.uk/naturelibrary/images/ic/640x360/m/me/merlin_bird/merlin_bird_1.jpg
http://ichef.bbci.co.uk/naturelibrary/images/ic/83x104/m/me/merlin_bird/merlin_bird_1.jpg
http://ichef.bbci.co.uk/naturelibrary/images/ic/640x360/g/ga/gastornis/gastornis_1.jpg
http://ichef.bbci.co.uk/naturelibrary/images/ic/83x104/g/ga/gastornis/gastornis_1.jpg
http://ichef.bbci.co.uk/naturelibrary/images/ic/640x360/a/al/altricial/altricial_1.jpg
http://ichef.bbci.co.uk/naturelibrary/images/ic/83x104/a/al/altricial/altricial_1.jpg
http://ichef.bbci.co.uk/naturelibrary/images/ic/640x360/l/le/lesser_flamingo/lesser_flamingo_1.jpg
http://ichef.bbci.co.uk/naturelibrary/images/ic/83x104/l/le/lesser_flamingo/lesser_flamingo_1.jpg
http://ichef.bbci.co.uk/naturelibrary/images/ic/640x360/c/ca/calopterygidae/calopterygidae_1.jpg
http://ichef.bbci.co.uk/naturelibrary/images/ic/83x104/c/ca/calopterygidae/calopterygidae_1.jpg
http://ichef.bbci.co.uk/naturelibrary/images/ic/640x360/s/sn/snow_goose/snow_goose_1.jpg
http://ichef.bbci.co.uk/naturelibrary/images/ic/83x104/s/sn/snow_goose/snow_goose_1.jpg
http://ichef.bbci.co.uk/naturelibrary/images/ic/640x360/f/fl/flamingo/flamingo_1.jpg
http://ichef.bbci.co.uk/naturelibrary/images/ic/640x360/b/bo/boiga_dendrophila/boiga_dendrophila_1.jpg
http://ichef.bbci.co.uk/naturelibrary/images/ic/83x104/b/bo/boiga_dendrophila/boiga_dendrophila_1.jpg
http://ichef.bbci.co.uk/naturelibrary/images/ic/640x360/m/me/megaluridae/megaluridae_1.jpg
http://ichef.bbci.co.uk/naturelibrary/images/ic/83x104/m/me/megaluridae/megaluridae_1.jpg
http://ichef.bbci.co.uk/naturelibrary/images/ic/640x360/m/mo/mollusca/mollusca_1.jpg
http://ichef.bbci.co.uk/naturelibrary/images/ic/83x104/m/mo/mollusca/mollusca_1.jpg
http://ichef.bbci.co.uk/naturelibrary/images/ic/640x360/g/ge/gecko/gecko_1.jpg
http://ichef.bbci.co.uk/naturelibrary/images/ic/83x104/g/ge/gecko/gecko_1.jpg
http://ichef.bbci.co.uk/naturelibrary/images/ic/640x360/p/ph/phylloscopidae/phylloscopidae_1.jpg
http://ichef.bbci.co.uk/naturelibrary/images/ic/83x104/p/ph/phylloscopidae/phylloscopidae_1.jpg
http://ichef.bbci.co.uk/naturelibrary/images/ic/640x360/p/po/polar_bear/polar_bear_1.jpg
http://ichef.bbci.co.uk/naturelibrary/images/ic/640x360/s/su/sunflower_starfish/sunflower_starfish_1.jpg
http://ichef.bbci.co.uk/naturelibrary/images/ic/83x104/s/su/sunflower_starfish/sunflower_starfish_1.jpg
http://ichef.bbci.co.uk/naturelibrary/images/ic/640x360/g/gr/great_tit/great_tit_1.jpg
