http://ichef.bbci.co.uk/naturelibrary/images/ic/640x360/e/er/erinaceidae/erinaceidae_1.jpg
http://ichef.bbci.co.uk/naturelibrary/images/ic/83x104/e/er/erinaceidae/erinaceidae_1.jpg
http://ichef.bbci.co.uk/naturelibrary/images/ic/640x360/s/sp/sperm_whale/sperm_whale_1.jpg
http://ichef.bbci.co.uk/naturelibrary/images/ic/640x360/p/pa/patas_monkey/patas_monkey_1.jpg
http://ichef.bbci.co.uk/naturelibrary/images/ic/640x360/g/gi/giraffe/giraffe_1.jpg
http://ichef.bbci.co.uk/naturelibrary/images/ic/640x360/a/an/antarctic_minke_whale/antarctic_minke_whale_1.jpg
http://ichef.bbci.co.uk/naturelibrary/images/ic/640x360/e/en/entelodont/entelodont_1.jpg
http://ichef.bbci.co.uk/naturelibrary/images/ic/83x104/e/en/entelodont/entelodont_1.jpg
http://ichef.bbci.co.uk/naturelibrary/images/ic/640x360/a/ac/acer_pseudoplatanus/acer_pseudoplatanus_1.jpg
http://ichef.bbci.co.uk/naturelibrary/images/ic/83x104/a/ac/acer_pseudoplatanus/acer_pseudoplatanus_1.jpg
http://ichef.bbci.co.uk/naturelibrary/images/ic/640x360/l/la/lar_gibbon/lar_gibbon_1.jpg
http://ichef.bbci.co.uk/naturelibrary/images/ic/83x104/l/la/lar_gibbon/lar_gibbon_1.jpg
http://ichef.bbci.co.uk/naturelibrary/images/ic/640x360/b/bl/blackbuck/blackbuck_1.jpg
http://ichef.bbci.co.uk/naturelibrary/images/ic/83x104/b/bl/blackbuck/blackbuck_1.jpg
http://ichef.bbci.co.uk/naturelibrary/images/ic/640x360/w/wi/wild_horse/wild_horse_1.jpg
http://ichef.bbci.co.uk/naturelibrary/images/ic/640x360/g/gi/giant_weta/giant_weta_1.jpg
http://ichef.bbci.co.uk/naturelibrary/images/ic/83x104/g/gi/giant_weta/giant_weta_1.jpg
http://ichef.bbci.co.uk/naturelibrary/images/ic/640x360/b/ba/bar-headed_goose/bar-headed_goose_1.jpg
http://ichef.bbci.co.uk/naturelibrary/images/ic/640x360/s/st/strix_genus/strix_genus_1.jpg
http://ichef.bbci.co.uk/naturelibrary/images/ic/640x360/v/ve/velociraptor/velociraptor_1.jpg
http://ichef.bbci.co.uk/naturelibrary/images/ic/83x104/v/ve/velociraptor/velociraptor_1.jpg
http://ichef.bbci.co.uk/naturelibrary/images/ic/640x360/s/se/serval/serval_1.jpg
http://ichef.bbci.co.uk/naturelibrary/images/ic/83x104/s/se/serval/serval_1.jpg
http://ichef.bbci.co.uk/naturelibrary/images/ic/261x326/collections/p006r1w3/portrait.jpg
http://ichef.bbci.co.uk/naturelibrary/images/ic/83x104/collections/p006r1w3/portrait.jpg
http://ichef.bbci.co.uk/naturelibrary/images/ic/640x360/p/pa/paraceratherium/paraceratherium_1.jpg
http://ichef.bbci.co.uk/naturelibrary/images/ic/83x104/p/pa/paraceratherium/paraceratherium_1.jpg
http://ichef.bbci.co.uk/naturelibrary/images/ic/640x360/m/ma/marten/marten_1.jpg
http://ichef.bbci.co.uk/naturelibrary/images/ic/83x104/m/ma/marten/marten_1.jpg
http://ichef.bbci.co.uk/naturelibrary/images/ic/640x360/p/pe/pectinidae/pectinidae_1.jpg
http://ichef.bbci.co.uk/naturelibrary/images/ic/640x360/a/ac/acanthophis/acanthophis_1.jpg
http://ichef.bbci.co.uk/naturelibrary/images/ic/83x104/a/ac/acanthophis/acanthophis_1.jpg
http://ichef.bbci.co.uk/naturelibrary/images/ic/640x360/h/hi/himalayan_marmot/himalayan_marmot_1.jpg
http://ichef.bbci.co.uk/naturelibrary/images/ic/83x104/h/hi/himalayan_marmot/himalayan_marmot_1.jpg
http://ichef.bbci.co.uk/naturelibrary/images/ic/640x360/g/gi/giant_anteater/giant_anteater_1.jpg
http://ichef.bbci.co.uk/naturelibrary/images/ic/640x360/b/ba/banded_mongoose/banded_mongoose_1.jpg
http://ichef.bbci.co.uk/naturelibrary/images/ic/83x104/b/ba/banded_mongoose/banded_mongoose_1.jpg
http://ichef.bbci.co.uk/naturelibrary/images/ic/640x360/l/lo/long-tailed_tit/long-tailed_tit_1.jpg
http://ichef.bbci.co.uk/naturelibrary/images/ic/640x360/e/ep/epidexipteryx/epidexipteryx_1.jpg
http://ichef.bbci.co.uk/naturelibrary/images/ic/640x360/e/eq/equus_genus/equus_genus_1.jpg
http://ichef.bbci.co.uk/naturelibrary/images/ic/640x360/m/mi/microtus/microtus_1.jpg
http://ichef.bbci.co.uk/naturelibrary/images/ic/83x104/m/mi/microtus/microtus_1.jpg
http://ichef.bbci.co.uk/naturelibrary/images/ic/640x360/e/eu/eurasian_stone-curlew/eurasian_stone-curlew_1.jpg
http://ichef.bbci.co.uk/naturelibrary/images/ic/83x104/e/eu/eurasian_stone-curlew/eurasian_stone-curlew_1.jpg
http://ichef.bbci.co.uk/naturelibrary/images/ic/640x360/s/sa/saiga_antelope/saiga_antelope_1.jpg
http://ichef.bbci.co.uk/naturelibrary/images/ic/83x104/s/sa/saiga_antelope/saiga_antelope_1.jpg
http://ichef.bbci.co.uk/naturelibrary/images/ic/640x360/s/st/stag_beetle/stag_beetle_1.jpg
http://ichef.bbci.co.uk/naturelibrary/images/ic/640x360/c/cr/crown-of-thorns_starfish/crown-of-thorns_starfish_1.jpg
http://ichef.bbci.co.uk/naturelibrary/images/ic/83x104/c/cr/crown-of-thorns_starfish/crown-of-thorns_starfish_1.jpg
http://ichef.bbci.co.uk/naturelibrary/images/ic/640x360/s/so/solifugae/solifugae_1.jpg
http://ichef.bbci.co.uk/naturelibrary/images/ic/83x104/s/so/solifugae/solifugae_1.jpg
http://ichef.bbci.co.uk/naturelibrary/images/ic/640x360/r/re/reef/reef_1.jpg
