http://ichef.bbci.co.uk/naturelibrary/images/ic/640x360/c/ca/carcharodontosaurus/carcharodontosaurus_1.jpg
http://ichef.bbci.co.uk/naturelibrary/images/ic/640x360/c/ca/calopteryx/calopteryx_1.jpg
http://ichef.bbci.co.uk/naturelibrary/images/ic/83x104/c/ca/calopteryx/calopteryx_1.jpg
http://ichef.bbci.co.uk/naturelibrary/images/ic/640x360/r/re/red-billed_quelea/red-billed_quelea_1.jpg
http://ichef.bbci.co.uk/naturelibrary/images/ic/640x360/p/pl/plesiosauria/plesiosauria_1.jpg
http://ichef.bbci.co.uk/naturelibrary/images/ic/83x104/p/pl/plesiosauria/plesiosauria_1.jpg
http://ichef.bbci.co.uk/naturelibrary/images/ic/640x360/b/bl/blackberry/blackberry_1.jpg
http://ichef.bbci.co.uk/naturelibrary/images/ic/83x104/b/bl/blackberry/blackberry_1.jpg
http://ichef.bbci.co.uk/naturelibrary/images/ic/640x360/r/re/red_ruffed_lemur/red_ruffed_lemur_1.jpg
http://ichef.bbci.co.uk/naturelibrary/images/ic/83x104/r/re/red_ruffed_lemur/red_ruffed_lemur_1.jpg
http://ichef.bbci.co.uk/naturelibrary/images/ic/640x360/c/ci/ciconiiformes/ciconiiformes_1.jpg
http://ichef.bbci.co.uk/naturelibrary/images/ic/83x104/c/ci/ciconiiformes/ciconiiformes_1.jpg
http://ichef.bbci.co.uk/naturelibrary/images/ic/640x360/e/eu/eurasian_jay/eurasian_jay_1.jpg
http://ichef.bbci.co.uk/naturelibrary/images/ic/640x360/a/ar/arthropod/arthropod_1.jpg
http://ichef.bbci.co.uk/naturelibrary/images/ic/83x104/a/ar/arthropod/arthropod_1.jpg
http://ichef.bbci.co.uk/naturelibrary/images/ic/640x360/a/ar/arctic_fox/arctic_fox_1.jpg
http://ichef.bbci.co.uk/naturelibrary/images/ic/83x104/a/ar/arctic_fox/arctic_fox_1.jpg
http://ichef.bbci.co.uk/naturelibrary/images/ic/640x360/a/an/anatidae/anatidae_1.jpg
http://ichef.bbci.co.uk/naturelibrary/images/ic/83x104/a/an/anatidae/anatidae_1.jpg
http://ichef.bbci.co.uk/naturelibrary/images/ic/640x360/f/fe/felidae/felidae_1.jpg
http://ichef.bbci.co.uk/naturelibrary/images/ic/640x360/s/st/stone-curlew/stone-curlew_1.jpg
http://ichef.bbci.co.uk/naturelibrary/images/ic/83x104/s/st/stone-curlew/stone-curlew_1.jpg
http://ichef.bbci.co.uk/naturelibrary/images/ic/640x360/p/pa/pandionidae/pandionidae_1.jpg
http://ichef.bbci.co.uk/naturelibrary/images/ic/83x104/p/pa/pandionidae/pandionidae_1.jpg
http://ichef.bbci.co.uk/naturelibrary/images/ic/640x360/c/ca/carrion_crow/carrion_crow_1.jpg
http://ichef.bbci.co.uk/naturelibrary/images/ic/83x104/c/ca/carrion_crow/carrion_crow_1.jpg
http://ichef.bbci.co.uk/naturelibrary/images/ic/640x360/c/co/common_blackbird/common_blackbird_1.jpg
http://ichef.bbci.co.uk/naturelibrary/images/ic/640x360/m/ma/manakin/manakin_1.jpg
http://ichef.bbci.co.uk/naturelibrary/images/ic/640x360/g/gi/gigantoraptor/gigantoraptor_1.jpg
http://ichef.bbci.co.uk/naturelibrary/images/ic/640x360/r/ro/rock_pigeon/rock_pigeon_1.jpg
http://ichef.bbci.co.uk/naturelibrary/images/ic/640x360/c/co/common_vampire_bat/common_vampire_bat_1.jpg
http://ichef.bbci.co.uk/naturelibrary/images/ic/83x104/c/co/common_vampire_bat/common_vampire_bat_1.jpg
http://ichef.bbci.co.uk/naturelibrary/images/ic/640x360/a/at/attelabidae/attelabidae_1.jpg
http://ichef.bbci.co.uk/naturelibrary/images/ic/83x104/a/at/attelabidae/attelabidae_1.jpg
http://ichef.bbci.co.uk/naturelibrary/images/ic/640x360/t/tr/tropical_and_subtropical_grasslands_savannas_and_shrublands/tropical_and_subtropical_grasslands_savannas_and_shrublands_1.jpg
http://ichef.bbci.co.uk/naturelibrary/images/ic/83x104/t/tr/tropical_and_subtropical_grasslands_savannas_and_shrublands/tropical_and_subtropical_grasslands_savannas_and_shrublands_1.jpg
http://ichef.bbci.co.uk/naturelibrary/images/ic/640x360/l/li/little_owl/little_owl_1.jpg
http://ichef.bbci.co.uk/naturelibrary/images/ic/83x104/l/li/little_owl/little_owl_1.jpg
http://ichef.bbci.co.uk/naturelibrary/images/ic/640x360/s/se/sea_eagle/sea_eagle_1.jpg
http://ichef.bbci.co.uk/naturelibrary/images/ic/83x104/s/se/sea_eagle/sea_eagle_1.jpg
http://ichef.bbci.co.uk/naturelibrary/images/ic/640x360/s/sy/sylviidae/sylviidae_1.jpg
http://ichef.bbci.co.uk/naturelibrary/images/ic/640x360/c/ce/cetacea/cetacea_1.jpg
http://ichef.bbci.co.uk/naturelibrary/images/ic/83x104/c/ce/cetacea/cetacea_1.jpg
http://ichef.bbci.co.uk/naturelibrary/images/ic/83x104/s/sy/sylviidae/sylviidae_1.jpg
http://ichef.bbci.co.uk/naturelibrary/images/ic/640x360/p/pa/passerine/passerine_1.jpg
http://ichef.bbci.co.uk/naturelibrary/images/ic/83x104/p/pa/passerine/passerine_1.jpg
http://ichef.bbci.co.uk/naturelibrary/images/ic/640x360/t/ta/taiga/taiga_1.jpg
http://ichef.bbci.co.uk/naturelibrary/images/ic/83x104/t/ta/taiga/taiga_1.jpg
http://ichef.bbci.co.uk/naturelibrary/images/ic/640x360/v/ve/velociraptor/velociraptor_1.jpg
http://ichef.bbci.co.uk/naturelibrary/images/ic/83x104/v/ve/velociraptor/velociraptor_1.jpg
http://ichef.bbci.co.uk/naturelibrary/images/ic/640x360/e/eu/european_brook_lamprey/european_brook_lamprey_1.jpg
http://ichef.bbci.co.uk/naturelibrary/images/ic/83x104/e/eu/european_brook_lamprey/european_brook_lamprey_1.jpg
http://ichef.bbci.co.uk/naturelibrary/images/ic/640x360/w/wh/whitebark_pine/whitebark_pine_1.jpg
http://ichef.bbci.co.uk/naturelibrary/images/ic/83x104/w/wh/whitebark_pine/whitebark_pine_1.jpg
http://ichef.bbci.co.uk/naturelibrary/images/ic/640x360/p/ph/phorusrhacidae/phorusrhacidae_1.jpg
http://ichef.bbci.co.uk/naturelibrary/images/ic/83x104/p/ph/phorusrhacidae/phorusrhacidae_1.jpg
http://ichef.bbci.co.uk/naturelibrary/images/ic/640x360/o/op/ophthalmosaurus/ophthalmosaurus_1.jpg
http://ichef.bbci.co.uk/naturelibrary/images/ic/83x104/o/op/ophthalmosaurus/ophthalmosaurus_1.jpg
http://ichef.bbci.co.uk/naturelibrary/images/ic/640x360/v/vi/viperidae/viperidae_1.jpg
http://ichef.bbci.co.uk/naturelibrary/images/ic/83x104/v/vi/viperidae/viperidae_1.jpg
http://ichef.bbci.co.uk/naturelibrary/images/ic/640x360/c/co/common_goldeneye/common_goldeneye_1.jpg
http://ichef.bbci.co.uk/naturelibrary/images/ic/83x104/c/co/common_goldeneye/common_goldeneye_1.jpg
http://ichef.bbci.co.uk/naturelibrary/images/ic/640x360/p/pe/penguin/penguin_1.jpg
http://ichef.bbci.co.uk/naturelibrary/images/ic/640x360/t/te/terrapene_carolina/terrapene_carolina_1.jpg
http://ichef.bbci.co.uk/naturelibrary/images/ic/83x104/t/te/terrapene_carolina/terrapene_carolina_1.jpg
http://ichef.bbci.co.uk/naturelibrary/images/ic/640x360/c/co/common_pheasant/common_pheasant_1.jpg
http://ichef.bbci.co.uk/naturelibrary/images/ic/640x360/g/gr/great_northern_loon/great_northern_loon_1.jpg
http://ichef.bbci.co.uk/naturelibrary/images/ic/83x104/g/gr/great_northern_loon/great_northern_loon_1.jpg
http://ichef.bbci.co.uk/naturelibrary/images/ic/640x360/r/rh/rhizophoraceae/rhizophoraceae_1.jpg
http://ichef.bbci.co.uk/naturelibrary/images/ic/83x104/r/rh/rhizophoraceae/rhizophoraceae_1.jpg
http://ichef.bbci.co.uk/naturelibrary/images/ic/640x360/m/ma/mammal/mammal_1.jpg
http://ichef.bbci.co.uk/naturelibrary/images/ic/83x104/m/ma/mammal/mammal_1.jpg
http://ichef.bbci.co.uk/naturelibrary/images/ic/640x360/r/re/red_kite/red_kite_1.jpg
http://ichef.bbci.co.uk/naturelibrary/images/ic/640x360/p/po/polar_region/polar_region_1.jpg
http://ichef.bbci.co.uk/naturelibrary/images/ic/83x104/p/po/polar_region/polar_region_1.jpg
http://ichef.bbci.co.uk/naturelibrary/images/ic/640x360/p/pe/perciformes/perciformes_1.jpg
http://ichef.bbci.co.uk/naturelibrary/images/ic/83x104/p/pe/perciformes/perciformes_1.jpg
http://ichef.bbci.co.uk/naturelibrary/images/ic/640x360/a/au/australian_giant_cuttlefish/australian_giant_cuttlefish_1.jpg
http://ichef.bbci.co.uk/naturelibrary/images/ic/83x104/a/au/australian_giant_cuttlefish/australian_giant_cuttlefish_1.jpg
http://ichef.bbci.co.uk/naturelibrary/images/ic/640x360/h/ho/homo/homo_1.jpg
http://ichef.bbci.co.uk/naturelibrary/images/ic/83x104/h/ho/homo/homo_1.jpg
http://ichef.bbci.co.uk/naturelibrary/images/ic/640x360/a/am/amphibian/amphibian_1.jpg
http://ichef.bbci.co.uk/naturelibrary/images/ic/83x104/a/am/amphibian/amphibian_1.jpg
http://ichef.bbci.co.uk/naturelibrary/images/ic/640x360/g/gr/grebe/grebe_1.jpg
http://ichef.bbci.co.uk/naturelibrary/images/ic/83x104/g/gr/grebe/grebe_1.jpg
http://ichef.bbci.co.uk/naturelibrary/images/ic/640x360/f/fo/fossorial/fossorial_1.jpg
http://ichef.bbci.co.uk/naturelibrary/images/ic/83x104/f/fo/fossorial/fossorial_1.jpg
http://ichef.bbci.co.uk/naturelibrary/images/ic/640x360/d/di/dire_wolf/dire_wolf_1.jpg
http://ichef.bbci.co.uk/naturelibrary/images/ic/83x104/d/di/dire_wolf/dire_wolf_1.jpg
http://ichef.bbci.co.uk/naturelibrary/images/ic/640x360/h/ho/hornet/hornet_1.jpg
http://ichef.bbci.co.uk/naturelibrary/images/ic/83x104/h/ho/hornet/hornet_1.jpg
http://ichef.bbci.co.uk/naturelibrary/images/ic/640x360/f/fu/furcifer_labordi/furcifer_labordi_1.jpg
http://ichef.bbci.co.uk/naturelibrary/images/ic/640x360/l/la/large_blue_butterfly/large_blue_butterfly_1.jpg
http://ichef.bbci.co.uk/naturelibrary/images/ic/640x360/l/lo/lorisidae/lorisidae_1.jpg
http://ichef.bbci.co.uk/naturelibrary/images/ic/83x104/l/lo/lorisidae/lorisidae_1.jpg
http://ichef.bbci.co.uk/naturelibrary/images/ic/640x360/c/ch/cheetah/cheetah_1.jpg
http://ichef.bbci.co.uk/naturelibrary/images/ic/640x360/h/hi/high_altitude/high_altitude_1.jpg
http://ichef.bbci.co.uk/naturelibrary/images/ic/83x104/h/hi/high_altitude/high_altitude_1.jpg
http://ichef.bbci.co.uk/naturelibrary/images/ic/640x360/p/pr/procellariidae/procellariidae_1.jpg
http://ichef.bbci.co.uk/naturelibrary/images/ic/83x104/p/pr/procellariidae/procellariidae_1.jpg
http://ichef.bbci.co.uk/naturelibrary/images/ic/640x360/m/ma/mammutidae/mammutidae_1.jpg
http://ichef.bbci.co.uk/naturelibrary/images/ic/83x104/m/ma/mammutidae/mammutidae_1.jpg
http://ichef.bbci.co.uk/naturelibrary/images/ic/640x360/c/co/coccinellidae/coccinellidae_1.jpg
http://ichef.bbci.co.uk/naturelibrary/images/ic/83x104/c/co/coccinellidae/coccinellidae_1.jpg
http://ichef.bbci.co.uk/naturelibrary/images/ic/640x360/m/me/meadow/meadow_1.jpg
http://ichef.bbci.co.uk/naturelibrary/images/ic/640x360/p/pi/pied_kingfisher/pied_kingfisher_1.jpg
http://ichef.bbci.co.uk/naturelibrary/images/ic/83x104/p/pi/pied_kingfisher/pied_kingfisher_1.jpg
http://ichef.bbci.co.uk/naturelibrary/images/ic/640x360/a/as/ascomycota/ascomycota_1.jpg
http://ichef.bbci.co.uk/naturelibrary/images/ic/83x104/a/as/ascomycota/ascomycota_1.jpg
http://ichef.bbci.co.uk/naturelibrary/images/ic/640x360/a/as/asteriidae/asteriidae_1.jpg
http://ichef.bbci.co.uk/naturelibrary/images/ic/83x104/a/as/asteriidae/asteriidae_1.jpg
http://ichef.bbci.co.uk/naturelibrary/images/ic/640x360/s/si/siberian_crane/siberian_crane_1.jpg
http://ichef.bbci.co.uk/naturelibrary/images/ic/83x104/s/si/siberian_crane/siberian_crane_1.jpg
http://ichef.bbci.co.uk/naturelibrary/images/ic/640x360/l/le/leaf-warbler/leaf-warbler_1.jpg
http://ichef.bbci.co.uk/naturelibrary/images/ic/83x104/l/le/leaf-warbler/leaf-warbler_1.jpg
http://ichef.bbci.co.uk/naturelibrary/images/ic/640x360/s/sp/spixs_macaw/spixs_macaw_1.jpg
http://ichef.bbci.co.uk/naturelibrary/images/ic/640x360/d/de/deer/deer_1.jpg
http://ichef.bbci.co.uk/naturelibrary/images/ic/261x326/collections/p00fxg0m/portrait.jpg
http://ichef.bbci.co.uk/naturelibrary/images/ic/640x360/t/tu/turtle/turtle_1.jpg
http://ichef.bbci.co.uk/naturelibrary/images/ic/83x104/t/tu/turtle/turtle_1.jpg
http://ichef.bbci.co.uk/naturelibrary/images/ic/640x360/p/pl/ploceidae/ploceidae_1.jpg
http://ichef.bbci.co.uk/naturelibrary/images/ic/83x104/p/pl/ploceidae/ploceidae_1.jpg
http://ichef.bbci.co.uk/naturelibrary/images/ic/640x360/c/co/columbiformes/columbiformes_1.jpg
http://ichef.bbci.co.uk/naturelibrary/images/ic/83x104/c/co/columbiformes/columbiformes_1.jpg
http://ichef.bbci.co.uk/naturelibrary/images/ic/640x360/l/lo/long-eared_owl/long-eared_owl_1.jpg
http://ichef.bbci.co.uk/naturelibrary/images/ic/83x104/l/lo/long-eared_owl/long-eared_owl_1.jpg
http://ichef.bbci.co.uk/naturelibrary/images/ic/640x360/a/ag/agamidae/agamidae_1.jpg
http://ichef.bbci.co.uk/naturelibrary/images/ic/83x104/a/ag/agamidae/agamidae_1.jpg
http://ichef.bbci.co.uk/naturelibrary/images/ic/640x360/e/es/estuary/estuary_1.jpg
http://ichef.bbci.co.uk/naturelibrary/images/ic/83x104/e/es/estuary/estuary_1.jpg
http://ichef.bbci.co.uk/naturelibrary/images/ic/640x360/a/at/atlantic_spotted_dolphin/atlantic_spotted_dolphin_1.jpg
http://ichef.bbci.co.uk/naturelibrary/images/ic/640x360/w/wi/wire-tailed_manakin/wire-tailed_manakin_1.jpg
http://ichef.bbci.co.uk/naturelibrary/images/ic/83x104/w/wi/wire-tailed_manakin/wire-tailed_manakin_1.jpg
http://ichef.bbci.co.uk/naturelibrary/images/ic/640x360/e/es/estrildidae/estrildidae_1.jpg
http://ichef.bbci.co.uk/naturelibrary/images/ic/83x104/e/es/estrildidae/estrildidae_1.jpg
http://ichef.bbci.co.uk/naturelibrary/images/ic/640x360/t/te/territory_animal/territory_animal_1.jpg
http://ichef.bbci.co.uk/naturelibrary/images/ic/83x104/t/te/territory_animal/territory_animal_1.jpg
http://ichef.bbci.co.uk/naturelibrary/images/ic/640x360/d/de/demoiselle_crane/demoiselle_crane_1.jpg
http://ichef.bbci.co.uk/naturelibrary/images/ic/83x104/d/de/demoiselle_crane/demoiselle_crane_1.jpg
http://ichef.bbci.co.uk/naturelibrary/images/ic/640x360/v/ve/venom/venom_1.jpg
http://ichef.bbci.co.uk/naturelibrary/images/ic/83x104/v/ve/venom/venom_1.jpg
http://ichef.bbci.co.uk/naturelibrary/images/ic/640x360/p/pe/pelecaniformes/pelecaniformes_1.jpg
http://ichef.bbci.co.uk/naturelibrary/images/ic/83x104/p/pe/pelecaniformes/pelecaniformes_1.jpg
http://ichef.bbci.co.uk/naturelibrary/images/ic/640x360/w/wo/woolly_mammoth/woolly_mammoth_1.jpg
http://ichef.bbci.co.uk/naturelibrary/images/ic/83x104/w/wo/woolly_mammoth/woolly_mammoth_1.jpg
http://ichef.bbci.co.uk/naturelibrary/images/ic/640x360/a/ar/arable_land/arable_land_1.jpg
http://ichef.bbci.co.uk/naturelibrary/images/ic/83x104/a/ar/arable_land/arable_land_1.jpg
http://ichef.bbci.co.uk/naturelibrary/images/ic/640x360/p/pa/pardosa_nigriceps/pardosa_nigriceps_1.jpg
http://ichef.bbci.co.uk/naturelibrary/images/ic/83x104/p/pa/pardosa_nigriceps/pardosa_nigriceps_1.jpg
http://ichef.bbci.co.uk/naturelibrary/images/ic/640x360/e/eu/european_hedgehog/european_hedgehog_1.jpg
http://ichef.bbci.co.uk/naturelibrary/images/ic/640x360/d/di/diprotodontia/diprotodontia_1.jpg
http://ichef.bbci.co.uk/naturelibrary/images/ic/83x104/d/di/diprotodontia/diprotodontia_1.jpg
http://ichef.bbci.co.uk/naturelibrary/images/ic/640x360/t/te/temperate_broadleaf_and_mixed_forests/temperate_broadleaf_and_mixed_forests_1.jpg
http://ichef.bbci.co.uk/naturelibrary/images/ic/640x360/e/eu/european_stonechat/european_stonechat_1.jpg
http://ichef.bbci.co.uk/naturelibrary/images/ic/83x104/e/eu/european_stonechat/european_stonechat_1.jpg
http://ichef.bbci.co.uk/naturelibrary/images/ic/640x360/r/re/red_knot/red_knot_1.jpg
http://ichef.bbci.co.uk/naturelibrary/images/ic/83x104/r/re/red_knot/red_knot_1.jpg
http://ichef.bbci.co.uk/naturelibrary/images/ic/261x326/collections/p00bf3g7/portrait.jpg
http://ichef.bbci.co.uk/naturelibrary/images/ic/83x104/collections/p00bf3g7/portrait.jpg
http://ichef.bbci.co.uk/naturelibrary/images/ic/640x360/p/pi/pied_avocet/pied_avocet_1.jpg
http://ichef.bbci.co.uk/naturelibrary/images/ic/83x104/p/pi/pied_avocet/pied_avocet_1.jpg
http://ichef.bbci.co.uk/naturelibrary/images/ic/640x360/c/co/columba_genus/columba_genus_1.jpg
http://ichef.bbci.co.uk/naturelibrary/images/ic/83x104/c/co/columba_genus/columba_genus_1.jpg
http://ichef.bbci.co.uk/naturelibrary/images/ic/640x360/m/ma/magnificent_frigatebird/magnificent_frigatebird_1.jpg
http://ichef.bbci.co.uk/naturelibrary/images/ic/83x104/m/ma/magnificent_frigatebird/magnificent_frigatebird_1.jpg
http://ichef.bbci.co.uk/naturelibrary/images/ic/640x360/a/an/antilocapridae/antilocapridae_1.jpg
http://ichef.bbci.co.uk/naturelibrary/images/ic/83x104/a/an/antilocapridae/antilocapridae_1.jpg
http://ichef.bbci.co.uk/naturelibrary/images/ic/640x360/l/le/leptictida/leptictida_1.jpg
http://ichef.bbci.co.uk/naturelibrary/images/ic/83x104/l/le/leptictida/leptictida_1.jpg
http://ichef.bbci.co.uk/naturelibrary/images/ic/640x360/t/tu/tufted_capuchin/tufted_capuchin_1.jpg
http://ichef.bbci.co.uk/naturelibrary/images/ic/83x104/t/tu/tufted_capuchin/tufted_capuchin_1.jpg
http://ichef.bbci.co.uk/naturelibrary/images/ic/640x360/r/re/red-legged_partridge/red-legged_partridge_1.jpg
http://ichef.bbci.co.uk/naturelibrary/images/ic/83x104/r/re/red-legged_partridge/red-legged_partridge_1.jpg
http://ichef.bbci.co.uk/naturelibrary/images/ic/640x360/a/ar/argali/argali_1.jpg
http://ichef.bbci.co.uk/naturelibrary/images/ic/83x104/a/ar/argali/argali_1.jpg
http://ichef.bbci.co.uk/naturelibrary/images/ic/640x360/b/bu/burrowing_owl/burrowing_owl_1.jpg
http://ichef.bbci.co.uk/naturelibrary/images/ic/83x104/b/bu/burrowing_owl/burrowing_owl_1.jpg
http://ichef.bbci.co.uk/naturelibrary/images/ic/640x360/p/po/polychaete/polychaete_1.jpg
http://ichef.bbci.co.uk/naturelibrary/images/ic/83x104/p/po/polychaete/polychaete_1.jpg
http://ichef.bbci.co.uk/naturelibrary/images/ic/640x360/m/mu/mustelidae/mustelidae_1.jpg
http://ichef.bbci.co.uk/naturelibrary/images/ic/83x104/m/mu/mustelidae/mustelidae_1.jpg
http://ichef.bbci.co.uk/naturelibrary/images/ic/640x360/a/al/allosaurus/allosaurus_1.jpg
http://ichef.bbci.co.uk/naturelibrary/images/ic/83x104/a/al/allosaurus/allosaurus_1.jpg
http://ichef.bbci.co.uk/naturelibrary/images/ic/640x360/w/wo/woodpecker/woodpecker_1.jpg
http://ichef.bbci.co.uk/naturelibrary/images/ic/83x104/w/wo/woodpecker/woodpecker_1.jpg
http://ichef.bbci.co.uk/naturelibrary/images/ic/640x360/b/be/benthic_zone/benthic_zone_1.jpg
http://ichef.bbci.co.uk/naturelibrary/images/ic/83x104/b/be/benthic_zone/benthic_zone_1.jpg
http://ichef.bbci.co.uk/naturelibrary/images/ic/640x360/a/am/amaurobius_ferox/amaurobius_ferox_1.jpg
http://ichef.bbci.co.uk/naturelibrary/images/ic/83x104/a/am/amaurobius_ferox/amaurobius_ferox_1.jpg
http://ichef.bbci.co.uk/naturelibrary/images/ic/640x360/c/ca/california_mouse/california_mouse_1.jpg
http://ichef.bbci.co.uk/naturelibrary/images/ic/83x104/c/ca/california_mouse/california_mouse_1.jpg
http://ichef.bbci.co.uk/naturelibrary/images/ic/640x360/l/ly/lycalopex/lycalopex_1.jpg
http://ichef.bbci.co.uk/naturelibrary/images/ic/83x104/l/ly/lycalopex/lycalopex_1.jpg
http://ichef.bbci.co.uk/naturelibrary/images/ic/261x326/collections/p00kf6gd/portrait.jpg
http://ichef.bbci.co.uk/naturelibrary/images/ic/83x104/collections/p00kf6gd/portrait.jpg
http://ichef.bbci.co.uk/naturelibrary/images/ic/640x360/p/pi/pilobolus_crystallinus/pilobolus_crystallinus_1.jpg
http://ichef.bbci.co.uk/naturelibrary/images/ic/83x104/p/pi/pilobolus_crystallinus/pilobolus_crystallinus_1.jpg
http://ichef.bbci.co.uk/naturelibrary/images/ic/640x360/l/la/lac_alaotra_bamboo_lemur/lac_alaotra_bamboo_lemur_1.jpg
http://ichef.bbci.co.uk/naturelibrary/images/ic/83x104/l/la/lac_alaotra_bamboo_lemur/lac_alaotra_bamboo_lemur_1.jpg
http://ichef.bbci.co.uk/naturelibrary/images/ic/640x360/m/ma/macrocystis/macrocystis_1.jpg
http://ichef.bbci.co.uk/naturelibrary/images/ic/83x104/m/ma/macrocystis/macrocystis_1.jpg
http://ichef.bbci.co.uk/naturelibrary/images/ic/640x360/h/ho/honey_buzzard/honey_buzzard_1.jpg
http://ichef.bbci.co.uk/naturelibrary/images/ic/83x104/h/ho/honey_buzzard/honey_buzzard_1.jpg
http://ichef.bbci.co.uk/naturelibrary/images/ic/640x360/m/ma/macroglossum_stellatarum/macroglossum_stellatarum_1.jpg
http://ichef.bbci.co.uk/naturelibrary/images/ic/83x104/m/ma/macroglossum_stellatarum/macroglossum_stellatarum_1.jpg
http://ichef.bbci.co.uk/naturelibrary/images/ic/640x360/n/no/north_pacific_giant_octopus/north_pacific_giant_octopus_1.jpg
http://ichef.bbci.co.uk/naturelibrary/images/ic/83x104/n/no/north_pacific_giant_octopus/north_pacific_giant_octopus_1.jpg
http://ichef.bbci.co.uk/naturelibrary/images/ic/640x360/n/no/north_american_river_otter/north_american_river_otter_1.jpg
http://ichef.bbci.co.uk/naturelibrary/images/ic/83x104/n/no/north_american_river_otter/north_american_river_otter_1.jpg
http://ichef.bbci.co.uk/naturelibrary/images/ic/640x360/b/br/brown_rat/brown_rat_1.jpg
http://ichef.bbci.co.uk/naturelibrary/images/ic/83x104/b/br/brown_rat/brown_rat_1.jpg
http://ichef.bbci.co.uk/naturelibrary/images/ic/640x360/e/eg/egretta/egretta_1.jpg
http://ichef.bbci.co.uk/naturelibrary/images/ic/83x104/e/eg/egretta/egretta_1.jpg
http://ichef.bbci.co.uk/naturelibrary/images/ic/640x360/e/ev/even-toed_ungulate/even-toed_ungulate_1.jpg
http://ichef.bbci.co.uk/naturelibrary/images/ic/83x104/e/ev/even-toed_ungulate/even-toed_ungulate_1.jpg
http://ichef.bbci.co.uk/naturelibrary/images/ic/640x360/p/pt/pterosaur/pterosaur_1.jpg
http://ichef.bbci.co.uk/naturelibrary/images/ic/640x360/d/di/dicotyledon/dicotyledon_1.jpg
http://ichef.bbci.co.uk/naturelibrary/images/ic/83x104/d/di/dicotyledon/dicotyledon_1.jpg
http://ichef.bbci.co.uk/naturelibrary/images/ic/640x360/a/an/antaresia_maculosa/antaresia_maculosa_1.jpg
http://ichef.bbci.co.uk/naturelibrary/images/ic/83x104/a/an/antaresia_maculosa/antaresia_maculosa_1.jpg
http://ichef.bbci.co.uk/naturelibrary/images/ic/640x360/t/ta/tawny_owl/tawny_owl_1.jpg
http://ichef.bbci.co.uk/naturelibrary/images/ic/83x104/t/ta/tawny_owl/tawny_owl_1.jpg
http://ichef.bbci.co.uk/naturelibrary/images/ic/640x360/p/po/podicipediformes/podicipediformes_1.jpg
http://ichef.bbci.co.uk/naturelibrary/images/ic/83x104/p/po/podicipediformes/podicipediformes_1.jpg
http://ichef.bbci.co.uk/naturelibrary/images/ic/640x360/c/ca/catfish/catfish_1.jpg
http://ichef.bbci.co.uk/naturelibrary/images/ic/640x360/o/ol/old_world_flycatcher/old_world_flycatcher_1.jpg
http://ichef.bbci.co.uk/naturelibrary/images/ic/83x104/o/ol/old_world_flycatcher/old_world_flycatcher_1.jpg
http://ichef.bbci.co.uk/naturelibrary/images/ic/640x360/c/cr/crowned_eagle/crowned_eagle_1.jpg
http://ichef.bbci.co.uk/naturelibrary/images/ic/83x104/c/cr/crowned_eagle/crowned_eagle_1.jpg
http://ichef.bbci.co.uk/naturelibrary/images/ic/640x360/h/ha/haasts_eagle/haasts_eagle_1.jpg
http://ichef.bbci.co.uk/naturelibrary/images/ic/83x104/h/ha/haasts_eagle/haasts_eagle_1.jpg
http://ichef.bbci.co.uk/naturelibrary/images/ic/640x360/c/co/cougar/cougar_1.jpg
http://ichef.bbci.co.uk/naturelibrary/images/ic/640x360/c/ci/cinclidae/cinclidae_1.jpg
http://ichef.bbci.co.uk/naturelibrary/images/ic/83x104/c/ci/cinclidae/cinclidae_1.jpg
http://ichef.bbci.co.uk/naturelibrary/images/ic/640x360/h/ha/harbour_porpoise/harbour_porpoise_1.jpg
http://ichef.bbci.co.uk/naturelibrary/images/ic/83x104/h/ha/harbour_porpoise/harbour_porpoise_1.jpg
http://ichef.bbci.co.uk/naturelibrary/images/ic/640x360/i/ir/irish_elk/irish_elk_1.jpg
http://ichef.bbci.co.uk/naturelibrary/images/ic/83x104/i/ir/irish_elk/irish_elk_1.jpg
http://ichef.bbci.co.uk/naturelibrary/images/ic/640x360/e/eu/european_nightjar/european_nightjar_1.jpg
http://ichef.bbci.co.uk/naturelibrary/images/ic/83x104/e/eu/european_nightjar/european_nightjar_1.jpg
http://ichef.bbci.co.uk/naturelibrary/images/ic/640x360/r/ri/ringed_seal/ringed_seal_1.jpg
http://ichef.bbci.co.uk/naturelibrary/images/ic/640x360/m/ma/marlin/marlin_1.jpg
http://ichef.bbci.co.uk/naturelibrary/images/ic/83x104/m/ma/marlin/marlin_1.jpg
http://ichef.bbci.co.uk/naturelibrary/images/ic/640x360/e/eu/european_pied_flycatcher/european_pied_flycatcher_1.jpg
http://ichef.bbci.co.uk/naturelibrary/images/ic/640x360/t/ti/tiger/tiger_1.jpg
http://ichef.bbci.co.uk/naturelibrary/images/ic/640x360/c/ch/chondrichthyes/chondrichthyes_1.jpg
http://ichef.bbci.co.uk/naturelibrary/images/ic/83x104/c/ch/chondrichthyes/chondrichthyes_1.jpg
http://ichef.bbci.co.uk/naturelibrary/images/ic/640x360/h/hy/hymenoptera/hymenoptera_1.jpg
http://ichef.bbci.co.uk/naturelibrary/images/ic/83x104/h/hy/hymenoptera/hymenoptera_1.jpg
http://ichef.bbci.co.uk/naturelibrary/images/ic/640x360/s/se/sea_snake/sea_snake_1.jpg
http://ichef.bbci.co.uk/naturelibrary/images/ic/83x104/s/se/sea_snake/sea_snake_1.jpg
http://ichef.bbci.co.uk/naturelibrary/images/ic/640x360/c/co/cordyceps/cordyceps_1.jpg
http://ichef.bbci.co.uk/naturelibrary/images/ic/83x104/c/co/cordyceps/cordyceps_1.jpg
http://ichef.bbci.co.uk/naturelibrary/images/ic/640x360/o/os/ostrich/ostrich_1.jpg
http://ichef.bbci.co.uk/naturelibrary/images/ic/640x360/o/oc/oceanic_dolphin/oceanic_dolphin_1.jpg
http://ichef.bbci.co.uk/naturelibrary/images/ic/83x104/o/oc/oceanic_dolphin/oceanic_dolphin_1.jpg
http://ichef.bbci.co.uk/naturelibrary/images/ic/640x360/a/an/antilocapra/antilocapra_1.jpg
http://ichef.bbci.co.uk/naturelibrary/images/ic/83x104/a/an/antilocapra/antilocapra_1.jpg
http://ichef.bbci.co.uk/naturelibrary/images/ic/640x360/s/st/stenella/stenella_1.jpg
http://ichef.bbci.co.uk/naturelibrary/images/ic/640x360/c/ch/chromista/chromista_1.jpg
http://ichef.bbci.co.uk/naturelibrary/images/ic/83x104/c/ch/chromista/chromista_1.jpg
http://ichef.bbci.co.uk/naturelibrary/images/ic/640x360/v/ve/vesper_bat/vesper_bat_1.jpg
http://ichef.bbci.co.uk/naturelibrary/images/ic/83x104/v/ve/vesper_bat/vesper_bat_1.jpg
http://ichef.bbci.co.uk/naturelibrary/images/ic/640x360/l/la/laticauda/laticauda_1.jpg
http://ichef.bbci.co.uk/naturelibrary/images/ic/83x104/l/la/laticauda/laticauda_1.jpg
http://ichef.bbci.co.uk/naturelibrary/images/ic/640x360/c/co/corvidae/corvidae_1.jpg
http://ichef.bbci.co.uk/naturelibrary/images/ic/83x104/c/co/corvidae/corvidae_1.jpg
http://ichef.bbci.co.uk/naturelibrary/images/ic/640x360/o/oy/oystercatcher/oystercatcher_1.jpg
http://ichef.bbci.co.uk/naturelibrary/images/ic/83x104/o/oy/oystercatcher/oystercatcher_1.jpg
http://ichef.bbci.co.uk/naturelibrary/images/ic/640x360/p/ps/pseudois/pseudois_1.jpg
http://ichef.bbci.co.uk/naturelibrary/images/ic/83x104/p/ps/pseudois/pseudois_1.jpg
http://ichef.bbci.co.uk/naturelibrary/images/ic/640x360/p/ps/pseudorhyncocyonidae/pseudorhyncocyonidae_1.jpg
http://ichef.bbci.co.uk/naturelibrary/images/ic/83x104/p/ps/pseudorhyncocyonidae/pseudorhyncocyonidae_1.jpg
http://ichef.bbci.co.uk/naturelibrary/images/ic/640x360/f/fl/fly/fly_1.jpg
http://ichef.bbci.co.uk/naturelibrary/images/ic/83x104/f/fl/fly/fly_1.jpg
http://ichef.bbci.co.uk/naturelibrary/images/ic/640x360/g/gr/gray_wolf/gray_wolf_1.jpg
http://ichef.bbci.co.uk/naturelibrary/images/ic/640x360/c/ca/canidae/canidae_1.jpg
http://ichef.bbci.co.uk/naturelibrary/images/ic/83x104/c/ca/canidae/canidae_1.jpg
http://ichef.bbci.co.uk/naturelibrary/images/ic/640x360/f/fl/flowering_plant/flowering_plant_1.jpg
http://ichef.bbci.co.uk/naturelibrary/images/ic/83x104/f/fl/flowering_plant/flowering_plant_1.jpg
http://ichef.bbci.co.uk/naturelibrary/images/ic/640x360/c/ca/carnivora/carnivora_1.jpg
http://ichef.bbci.co.uk/naturelibrary/images/ic/83x104/c/ca/carnivora/carnivora_1.jpg
http://ichef.bbci.co.uk/naturelibrary/images/ic/640x360/l/la/lawess_parotia/lawess_parotia_1.jpg
http://ichef.bbci.co.uk/naturelibrary/images/ic/83x104/l/la/lawess_parotia/lawess_parotia_1.jpg
http://ichef.bbci.co.uk/naturelibrary/images/ic/640x360/v/ve/vespidae/vespidae_1.jpg
http://ichef.bbci.co.uk/naturelibrary/images/ic/83x104/v/ve/vespidae/vespidae_1.jpg
http://ichef.bbci.co.uk/naturelibrary/images/ic/640x360/a/ac/acrocephalidae/acrocephalidae_1.jpg
http://ichef.bbci.co.uk/naturelibrary/images/ic/83x104/a/ac/acrocephalidae/acrocephalidae_1.jpg
http://ichef.bbci.co.uk/naturelibrary/images/ic/640x360/g/ge/gecko/gecko_1.jpg
http://ichef.bbci.co.uk/naturelibrary/images/ic/83x104/g/ge/gecko/gecko_1.jpg
http://ichef.bbci.co.uk/naturelibrary/images/ic/640x360/g/gi/giant_tube_worm/giant_tube_worm_1.jpg
http://ichef.bbci.co.uk/naturelibrary/images/ic/83x104/g/gi/giant_tube_worm/giant_tube_worm_1.jpg
http://ichef.bbci.co.uk/naturelibrary/images/ic/640x360/m/ma/mallard/mallard_1.jpg
http://ichef.bbci.co.uk/naturelibrary/images/ic/640x360/p/ph/phylloscopidae/phylloscopidae_1.jpg
http://ichef.bbci.co.uk/naturelibrary/images/ic/83x104/p/ph/phylloscopidae/phylloscopidae_1.jpg
http://ichef.bbci.co.uk/naturelibrary/images/ic/640x360/o/or/ornithischia/ornithischia_1.jpg
http://ichef.bbci.co.uk/naturelibrary/images/ic/83x104/o/or/ornithischia/ornithischia_1.jpg
http://ichef.bbci.co.uk/naturelibrary/images/ic/640x360/c/ch/charadriiformes/charadriiformes_1.jpg
http://ichef.bbci.co.uk/naturelibrary/images/ic/83x104/c/ch/charadriiformes/charadriiformes_1.jpg
