http://ichef.bbci.co.uk/naturelibrary/images/ic/640x360/r/ry/rynchopidae/rynchopidae_1.jpg
http://ichef.bbci.co.uk/naturelibrary/images/ic/83x104/r/ry/rynchopidae/rynchopidae_1.jpg
http://ichef.bbci.co.uk/naturelibrary/images/ic/640x360/m/mo/mongolian_gazelle/mongolian_gazelle_1.jpg
http://ichef.bbci.co.uk/naturelibrary/images/ic/83x104/m/mo/mongolian_gazelle/mongolian_gazelle_1.jpg
http://ichef.bbci.co.uk/naturelibrary/images/ic/640x360/g/gr/gray_langur/gray_langur_1.jpg
http://ichef.bbci.co.uk/naturelibrary/images/ic/83x104/g/gr/gray_langur/gray_langur_1.jpg
http://ichef.bbci.co.uk/naturelibrary/images/ic/640x360/s/sp/springbok_antelope/springbok_antelope_1.jpg
http://ichef.bbci.co.uk/naturelibrary/images/ic/83x104/s/sp/springbok_antelope/springbok_antelope_1.jpg
http://ichef.bbci.co.uk/naturelibrary/images/ic/640x360/w/wa/warthog/warthog_1.jpg
http://ichef.bbci.co.uk/naturelibrary/images/ic/83x104/w/wa/warthog/warthog_1.jpg
http://ichef.bbci.co.uk/naturelibrary/images/ic/640x360/g/ga/gasterosteiformes/gasterosteiformes_1.jpg
http://ichef.bbci.co.uk/naturelibrary/images/ic/83x104/g/ga/gasterosteiformes/gasterosteiformes_1.jpg
http://ichef.bbci.co.uk/naturelibrary/images/ic/640x360/c/cr/cricetidae/cricetidae_1.jpg
http://ichef.bbci.co.uk/naturelibrary/images/ic/83x104/c/cr/cricetidae/cricetidae_1.jpg
http://ichef.bbci.co.uk/naturelibrary/images/ic/640x360/m/mo/morelia_amethistina/morelia_amethistina_1.jpg
http://ichef.bbci.co.uk/naturelibrary/images/ic/83x104/m/mo/morelia_amethistina/morelia_amethistina_1.jpg
http://ichef.bbci.co.uk/naturelibrary/images/ic/640x360/c/ca/camel/camel_1.jpg
http://ichef.bbci.co.uk/naturelibrary/images/ic/83x104/c/ca/camel/camel_1.jpg
http://ichef.bbci.co.uk/naturelibrary/images/ic/640x360/w/wa/water_buffalo/water_buffalo_1.jpg
http://ichef.bbci.co.uk/naturelibrary/images/ic/640x360/p/pl/plateau_pika/plateau_pika_1.jpg
http://ichef.bbci.co.uk/naturelibrary/images/ic/83x104/p/pl/plateau_pika/plateau_pika_1.jpg
http://ichef.bbci.co.uk/naturelibrary/images/ic/640x360/a/au/australovenator/australovenator_1.jpg
http://ichef.bbci.co.uk/naturelibrary/images/ic/83x104/a/au/australovenator/australovenator_1.jpg
http://ichef.bbci.co.uk/naturelibrary/images/ic/640x360/t/ti/tiger_shark/tiger_shark_1.jpg
http://ichef.bbci.co.uk/naturelibrary/images/ic/83x104/t/ti/tiger_shark/tiger_shark_1.jpg
http://ichef.bbci.co.uk/naturelibrary/images/ic/640x360/s/sc/scarabaeidae/scarabaeidae_1.jpg
http://ichef.bbci.co.uk/naturelibrary/images/ic/83x104/s/sc/scarabaeidae/scarabaeidae_1.jpg
http://ichef.bbci.co.uk/naturelibrary/images/ic/640x360/s/so/soprano_pipistrelle/soprano_pipistrelle_1.jpg
http://ichef.bbci.co.uk/naturelibrary/images/ic/83x104/s/so/soprano_pipistrelle/soprano_pipistrelle_1.jpg
http://ichef.bbci.co.uk/naturelibrary/images/ic/640x360/p/pr/protoceratops/protoceratops_1.jpg
http://ichef.bbci.co.uk/naturelibrary/images/ic/83x104/p/pr/protoceratops/protoceratops_1.jpg
http://ichef.bbci.co.uk/naturelibrary/images/ic/640x360/a/au/aurochs/aurochs_1.jpg
http://ichef.bbci.co.uk/naturelibrary/images/ic/83x104/a/au/aurochs/aurochs_1.jpg
http://ichef.bbci.co.uk/naturelibrary/images/ic/640x360/s/sa/sand_martin/sand_martin_1.jpg
http://ichef.bbci.co.uk/naturelibrary/images/ic/640x360/d/du/dugong/dugong_1.jpg
http://ichef.bbci.co.uk/naturelibrary/images/ic/83x104/d/du/dugong/dugong_1.jpg
http://ichef.bbci.co.uk/naturelibrary/images/ic/640x360/d/dr/dracaena_cinnabari/dracaena_cinnabari_1.jpg
http://ichef.bbci.co.uk/naturelibrary/images/ic/83x104/d/dr/dracaena_cinnabari/dracaena_cinnabari_1.jpg
http://ichef.bbci.co.uk/naturelibrary/images/ic/640x360/r/re/red_fox/red_fox_1.jpg
http://ichef.bbci.co.uk/naturelibrary/images/ic/640x360/u/ur/ursus_genus/ursus_genus_1.jpg
http://ichef.bbci.co.uk/naturelibrary/images/ic/83x104/u/ur/ursus_genus/ursus_genus_1.jpg
http://ichef.bbci.co.uk/naturelibrary/images/ic/640x360/t/th/therapsida/therapsida_1.jpg
http://ichef.bbci.co.uk/naturelibrary/images/ic/83x104/t/th/therapsida/therapsida_1.jpg
http://ichef.bbci.co.uk/naturelibrary/images/ic/640x360/r/re/red-bellied_piranha/red-bellied_piranha_1.jpg
http://ichef.bbci.co.uk/naturelibrary/images/ic/640x360/s/sm/smilodon/smilodon_1.jpg
http://ichef.bbci.co.uk/naturelibrary/images/ic/83x104/s/sm/smilodon/smilodon_1.jpg
http://ichef.bbci.co.uk/naturelibrary/images/ic/640x360/r/re/red_panda/red_panda_1.jpg
http://ichef.bbci.co.uk/naturelibrary/images/ic/83x104/r/re/red_panda/red_panda_1.jpg
http://ichef.bbci.co.uk/naturelibrary/images/ic/640x360/c/cl/clouded_leopard/clouded_leopard_1.jpg
http://ichef.bbci.co.uk/naturelibrary/images/ic/83x104/c/cl/clouded_leopard/clouded_leopard_1.jpg
http://ichef.bbci.co.uk/naturelibrary/images/ic/640x360/s/sp/spotted_flycatcher/spotted_flycatcher_1.jpg
http://ichef.bbci.co.uk/naturelibrary/images/ic/83x104/s/sp/spotted_flycatcher/spotted_flycatcher_1.jpg
http://ichef.bbci.co.uk/naturelibrary/images/ic/640x360/a/as/asparagales/asparagales_1.jpg
http://ichef.bbci.co.uk/naturelibrary/images/ic/83x104/a/as/asparagales/asparagales_1.jpg
http://ichef.bbci.co.uk/naturelibrary/images/ic/640x360/c/cl/clitellata/clitellata_1.jpg
http://ichef.bbci.co.uk/naturelibrary/images/ic/83x104/c/cl/clitellata/clitellata_1.jpg
http://ichef.bbci.co.uk/naturelibrary/images/ic/640x360/l/le/lepidoptera/lepidoptera_1.jpg
http://ichef.bbci.co.uk/naturelibrary/images/ic/640x360/o/od/odd-toed_ungulate/odd-toed_ungulate_1.jpg
http://ichef.bbci.co.uk/naturelibrary/images/ic/83x104/o/od/odd-toed_ungulate/odd-toed_ungulate_1.jpg
http://ichef.bbci.co.uk/naturelibrary/images/ic/640x360/c/ca/camelid/camelid_1.jpg
http://ichef.bbci.co.uk/naturelibrary/images/ic/83x104/c/ca/camelid/camelid_1.jpg
http://ichef.bbci.co.uk/naturelibrary/images/ic/640x360/g/gi/giraffe_weevil/giraffe_weevil_1.jpg
http://ichef.bbci.co.uk/naturelibrary/images/ic/83x104/g/gi/giraffe_weevil/giraffe_weevil_1.jpg
http://ichef.bbci.co.uk/naturelibrary/images/ic/640x360/m/mo/mouse_lemur/mouse_lemur_1.jpg
http://ichef.bbci.co.uk/naturelibrary/images/ic/83x104/m/mo/mouse_lemur/mouse_lemur_1.jpg
http://ichef.bbci.co.uk/naturelibrary/images/ic/640x360/d/dr/dromaeosauridae/dromaeosauridae_1.jpg
http://ichef.bbci.co.uk/naturelibrary/images/ic/83x104/d/dr/dromaeosauridae/dromaeosauridae_1.jpg
http://ichef.bbci.co.uk/naturelibrary/images/ic/640x360/s/sp/spectacled_caiman/spectacled_caiman_1.jpg
http://ichef.bbci.co.uk/naturelibrary/images/ic/83x104/s/sp/spectacled_caiman/spectacled_caiman_1.jpg
http://ichef.bbci.co.uk/naturelibrary/images/ic/640x360/f/fr/frog/frog_1.jpg
http://ichef.bbci.co.uk/naturelibrary/images/ic/640x360/d/do/dolomedes/dolomedes_1.jpg
http://ichef.bbci.co.uk/naturelibrary/images/ic/83x104/d/do/dolomedes/dolomedes_1.jpg
http://ichef.bbci.co.uk/naturelibrary/images/ic/640x360/c/co/coot/coot_1.jpg
http://ichef.bbci.co.uk/naturelibrary/images/ic/83x104/c/co/coot/coot_1.jpg
http://ichef.bbci.co.uk/naturelibrary/images/ic/640x360/g/gr/grey_heron/grey_heron_1.jpg
http://ichef.bbci.co.uk/naturelibrary/images/ic/640x360/p/pl/plant/plant_1.jpg
http://ichef.bbci.co.uk/naturelibrary/images/ic/83x104/p/pl/plant/plant_1.jpg
http://ichef.bbci.co.uk/naturelibrary/images/ic/640x360/a/al/alligatoridae/alligatoridae_1.jpg
http://ichef.bbci.co.uk/naturelibrary/images/ic/83x104/a/al/alligatoridae/alligatoridae_1.jpg
http://ichef.bbci.co.uk/naturelibrary/images/ic/640x360/d/de/dendrocopos/dendrocopos_1.jpg
http://ichef.bbci.co.uk/naturelibrary/images/ic/83x104/d/de/dendrocopos/dendrocopos_1.jpg
http://ichef.bbci.co.uk/naturelibrary/images/ic/640x360/j/ja/japanese_macaque/japanese_macaque_1.jpg
http://ichef.bbci.co.uk/naturelibrary/images/ic/640x360/b/ba/basilosauridae/basilosauridae_1.jpg
http://ichef.bbci.co.uk/naturelibrary/images/ic/83x104/b/ba/basilosauridae/basilosauridae_1.jpg
http://ichef.bbci.co.uk/naturelibrary/images/ic/640x360/p/pe/petauridae/petauridae_1.jpg
http://ichef.bbci.co.uk/naturelibrary/images/ic/83x104/p/pe/petauridae/petauridae_1.jpg
http://ichef.bbci.co.uk/naturelibrary/images/ic/640x360/h/hi/high_brown_fritillary/high_brown_fritillary_1.jpg
http://ichef.bbci.co.uk/naturelibrary/images/ic/640x360/v/ve/verreauxs_sifaka/verreauxs_sifaka_1.jpg
http://ichef.bbci.co.uk/naturelibrary/images/ic/83x104/v/ve/verreauxs_sifaka/verreauxs_sifaka_1.jpg
