http://ichef.bbci.co.uk/naturelibrary/images/ic/640x360/s/sn/snub-nosed_monkey/snub-nosed_monkey_1.jpg
http://ichef.bbci.co.uk/naturelibrary/images/ic/83x104/s/sn/snub-nosed_monkey/snub-nosed_monkey_1.jpg
http://ichef.bbci.co.uk/naturelibrary/images/ic/640x360/b/bu/burrowing_parakeet/burrowing_parakeet_1.jpg
http://ichef.bbci.co.uk/naturelibrary/images/ic/83x104/b/bu/burrowing_parakeet/burrowing_parakeet_1.jpg
http://ichef.bbci.co.uk/naturelibrary/images/ic/640x360/r/ro/rodent/rodent_1.jpg
http://ichef.bbci.co.uk/naturelibrary/images/ic/83x104/r/ro/rodent/rodent_1.jpg
http://ichef.bbci.co.uk/naturelibrary/images/ic/640x360/o/ov/ovis/ovis_1.jpg
http://ichef.bbci.co.uk/naturelibrary/images/ic/83x104/o/ov/ovis/ovis_1.jpg
http://ichef.bbci.co.uk/naturelibrary/images/ic/640x360/p/pl/placerias/placerias_1.jpg
http://ichef.bbci.co.uk/naturelibrary/images/ic/83x104/p/pl/placerias/placerias_1.jpg
http://ichef.bbci.co.uk/naturelibrary/images/ic/640x360/i/in/inland_taipan/inland_taipan_1.jpg
http://ichef.bbci.co.uk/naturelibrary/images/ic/640x360/c/co/coelophysidae/coelophysidae_1.jpg
http://ichef.bbci.co.uk/naturelibrary/images/ic/83x104/c/co/coelophysidae/coelophysidae_1.jpg
http://ichef.bbci.co.uk/naturelibrary/images/ic/640x360/p/po/podiceps/podiceps_1.jpg
http://ichef.bbci.co.uk/naturelibrary/images/ic/83x104/p/po/podiceps/podiceps_1.jpg
http://ichef.bbci.co.uk/naturelibrary/images/ic/640x360/n/ne/neovison/neovison_1.jpg
http://ichef.bbci.co.uk/naturelibrary/images/ic/83x104/n/ne/neovison/neovison_1.jpg
http://ichef.bbci.co.uk/naturelibrary/images/ic/640x360/s/su/suriname_toad/suriname_toad_1.jpg
http://ichef.bbci.co.uk/naturelibrary/images/ic/83x104/s/su/suriname_toad/suriname_toad_1.jpg
http://ichef.bbci.co.uk/naturelibrary/images/ic/640x360/t/to/toque_macaque/toque_macaque_1.jpg
http://ichef.bbci.co.uk/naturelibrary/images/ic/640x360/g/gr/grus_genus/grus_genus_1.jpg
http://ichef.bbci.co.uk/naturelibrary/images/ic/83x104/g/gr/grus_genus/grus_genus_1.jpg
http://ichef.bbci.co.uk/naturelibrary/images/ic/640x360/n/no/nothronychus/nothronychus_1.jpg
http://ichef.bbci.co.uk/naturelibrary/images/ic/640x360/t/to/topi/topi_1.jpg
http://ichef.bbci.co.uk/naturelibrary/images/ic/640x360/m/ma/majungasaurus/majungasaurus_1.jpg
http://ichef.bbci.co.uk/naturelibrary/images/ic/640x360/t/th/therizinosaurus/therizinosaurus_1.jpg
http://ichef.bbci.co.uk/naturelibrary/images/ic/83x104/t/th/therizinosaurus/therizinosaurus_1.jpg
http://ichef.bbci.co.uk/naturelibrary/images/ic/640x360/s/st/st_johns_wort/st_johns_wort_1.jpg
http://ichef.bbci.co.uk/naturelibrary/images/ic/83x104/s/st/st_johns_wort/st_johns_wort_1.jpg
