http://ichef.bbci.co.uk/naturelibrary/images/ic/640x360/e/eu/eurasian_treecreeper/eurasian_treecreeper_1.jpg
http://ichef.bbci.co.uk/naturelibrary/images/ic/83x104/e/eu/eurasian_treecreeper/eurasian_treecreeper_1.jpg
http://ichef.bbci.co.uk/naturelibrary/images/ic/640x360/r/rh/rhododendron/rhododendron_1.jpg
http://ichef.bbci.co.uk/naturelibrary/images/ic/83x104/r/rh/rhododendron/rhododendron_1.jpg
http://ichef.bbci.co.uk/naturelibrary/images/ic/640x360/e/ep/epiphyte/epiphyte_1.jpg
http://ichef.bbci.co.uk/naturelibrary/images/ic/83x104/e/ep/epiphyte/epiphyte_1.jpg
http://ichef.bbci.co.uk/naturelibrary/images/ic/640x360/m/ma/majungasaurus/majungasaurus_1.jpg
http://ichef.bbci.co.uk/naturelibrary/images/ic/640x360/a/an/anseriformes/anseriformes_1.jpg
http://ichef.bbci.co.uk/naturelibrary/images/ic/83x104/a/an/anseriformes/anseriformes_1.jpg
http://ichef.bbci.co.uk/naturelibrary/images/ic/640x360/a/an/animal_culture/animal_culture_1.jpg
http://ichef.bbci.co.uk/naturelibrary/images/ic/83x104/a/an/animal_culture/animal_culture_1.jpg
http://ichef.bbci.co.uk/naturelibrary/images/ic/640x360/d/dr/droseraceae/droseraceae_1.jpg
http://ichef.bbci.co.uk/naturelibrary/images/ic/83x104/d/dr/droseraceae/droseraceae_1.jpg
http://ichef.bbci.co.uk/naturelibrary/images/ic/640x360/d/do/dorias_tree-kangaroo/dorias_tree-kangaroo_1.jpg
http://ichef.bbci.co.uk/naturelibrary/images/ic/83x104/d/do/dorias_tree-kangaroo/dorias_tree-kangaroo_1.jpg
http://ichef.bbci.co.uk/naturelibrary/images/ic/640x360/r/ra/radiated_tortoise/radiated_tortoise_1.jpg
http://ichef.bbci.co.uk/naturelibrary/images/ic/83x104/r/ra/radiated_tortoise/radiated_tortoise_1.jpg
http://ichef.bbci.co.uk/naturelibrary/images/ic/640x360/v/va/vandellia/vandellia_1.jpg
http://ichef.bbci.co.uk/naturelibrary/images/ic/83x104/v/va/vandellia/vandellia_1.jpg
http://ichef.bbci.co.uk/naturelibrary/images/ic/640x360/b/bo/bos/bos_1.jpg
http://ichef.bbci.co.uk/naturelibrary/images/ic/83x104/b/bo/bos/bos_1.jpg
http://ichef.bbci.co.uk/naturelibrary/images/ic/640x360/s/sa/salmo/salmo_1.jpg
http://ichef.bbci.co.uk/naturelibrary/images/ic/83x104/s/sa/salmo/salmo_1.jpg
http://ichef.bbci.co.uk/naturelibrary/images/ic/640x360/g/gi/giant_panda/giant_panda_1.jpg
http://ichef.bbci.co.uk/naturelibrary/images/ic/640x360/a/ap/aphididae/aphididae_1.jpg
http://ichef.bbci.co.uk/naturelibrary/images/ic/83x104/a/ap/aphididae/aphididae_1.jpg
