http://ichef.bbci.co.uk/naturelibrary/images/ic/640x360/h/hy/hypsilophodont/hypsilophodont_1.jpg
http://ichef.bbci.co.uk/naturelibrary/images/ic/83x104/h/hy/hypsilophodont/hypsilophodont_1.jpg
http://ichef.bbci.co.uk/naturelibrary/images/ic/640x360/a/aq/aquila_genus/aquila_genus_1.jpg
http://ichef.bbci.co.uk/naturelibrary/images/ic/83x104/a/aq/aquila_genus/aquila_genus_1.jpg
http://ichef.bbci.co.uk/naturelibrary/images/ic/640x360/p/pa/pantropical_spotted_dolphin/pantropical_spotted_dolphin_1.jpg
http://ichef.bbci.co.uk/naturelibrary/images/ic/83x104/p/pa/pantropical_spotted_dolphin/pantropical_spotted_dolphin_1.jpg
http://ichef.bbci.co.uk/naturelibrary/images/ic/640x360/l/la/laticauda_colubrina/laticauda_colubrina_1.jpg
http://ichef.bbci.co.uk/naturelibrary/images/ic/83x104/l/la/laticauda_colubrina/laticauda_colubrina_1.jpg
http://ichef.bbci.co.uk/naturelibrary/images/ic/640x360/t/tu/turtle_dove/turtle_dove_1.jpg
http://ichef.bbci.co.uk/naturelibrary/images/ic/83x104/t/tu/turtle_dove/turtle_dove_1.jpg
http://ichef.bbci.co.uk/naturelibrary/images/ic/640x360/a/ad/adelie_penguin/adelie_penguin_1.jpg
http://ichef.bbci.co.uk/naturelibrary/images/ic/83x104/a/ad/adelie_penguin/adelie_penguin_1.jpg
http://ichef.bbci.co.uk/naturelibrary/images/ic/640x360/r/rh/rhizophora/rhizophora_1.jpg
http://ichef.bbci.co.uk/naturelibrary/images/ic/83x104/r/rh/rhizophora/rhizophora_1.jpg
http://ichef.bbci.co.uk/naturelibrary/images/ic/640x360/m/ma/mallard/mallard_1.jpg
http://ichef.bbci.co.uk/naturelibrary/images/ic/640x360/v/vo/vogelkop_bowerbird/vogelkop_bowerbird_1.jpg
http://ichef.bbci.co.uk/naturelibrary/images/ic/83x104/v/vo/vogelkop_bowerbird/vogelkop_bowerbird_1.jpg
http://ichef.bbci.co.uk/naturelibrary/images/ic/640x360/m/ma/macrauchenia/macrauchenia_1.jpg
http://ichef.bbci.co.uk/naturelibrary/images/ic/83x104/m/ma/macrauchenia/macrauchenia_1.jpg
http://ichef.bbci.co.uk/naturelibrary/images/ic/640x360/e/ee/eeltail_catfish/eeltail_catfish_1.jpg
http://ichef.bbci.co.uk/naturelibrary/images/ic/83x104/e/ee/eeltail_catfish/eeltail_catfish_1.jpg
http://ichef.bbci.co.uk/naturelibrary/images/ic/640x360/a/at/atlantic_salmon/atlantic_salmon_1.jpg
http://ichef.bbci.co.uk/naturelibrary/images/ic/83x104/a/at/atlantic_salmon/atlantic_salmon_1.jpg
http://ichef.bbci.co.uk/naturelibrary/images/ic/640x360/c/cr/crowned_lemur/crowned_lemur_1.jpg
http://ichef.bbci.co.uk/naturelibrary/images/ic/83x104/c/cr/crowned_lemur/crowned_lemur_1.jpg
http://ichef.bbci.co.uk/naturelibrary/images/ic/640x360/u/ul/ultrasound/ultrasound_1.jpg
http://ichef.bbci.co.uk/naturelibrary/images/ic/83x104/u/ul/ultrasound/ultrasound_1.jpg
http://ichef.bbci.co.uk/naturelibrary/images/ic/640x360/s/se/semelparity_and_iteroparity/semelparity_and_iteroparity_1.jpg
http://ichef.bbci.co.uk/naturelibrary/images/ic/83x104/s/se/semelparity_and_iteroparity/semelparity_and_iteroparity_1.jpg
http://ichef.bbci.co.uk/naturelibrary/images/ic/640x360/c/ci/cichlid/cichlid_1.jpg
http://ichef.bbci.co.uk/naturelibrary/images/ic/83x104/c/ci/cichlid/cichlid_1.jpg
http://ichef.bbci.co.uk/naturelibrary/images/ic/640x360/a/ap/aptenodytes/aptenodytes_1.jpg
http://ichef.bbci.co.uk/naturelibrary/images/ic/83x104/a/ap/aptenodytes/aptenodytes_1.jpg
http://ichef.bbci.co.uk/naturelibrary/images/ic/640x360/b/ba/banded_demoiselle/banded_demoiselle_1.jpg
http://ichef.bbci.co.uk/naturelibrary/images/ic/83x104/b/ba/banded_demoiselle/banded_demoiselle_1.jpg
http://ichef.bbci.co.uk/naturelibrary/images/ic/640x360/a/am/american_mastodon/american_mastodon_1.jpg
http://ichef.bbci.co.uk/naturelibrary/images/ic/83x104/a/am/american_mastodon/american_mastodon_1.jpg
http://ichef.bbci.co.uk/naturelibrary/images/ic/640x360/a/al/alcedo/alcedo_1.jpg
http://ichef.bbci.co.uk/naturelibrary/images/ic/83x104/a/al/alcedo/alcedo_1.jpg
http://ichef.bbci.co.uk/naturelibrary/images/ic/640x360/s/si/sinornithosaurus/sinornithosaurus_1.jpg
http://ichef.bbci.co.uk/naturelibrary/images/ic/640x360/w/wi/willow_warbler/willow_warbler_1.jpg
http://ichef.bbci.co.uk/naturelibrary/images/ic/83x104/w/wi/willow_warbler/willow_warbler_1.jpg
http://ichef.bbci.co.uk/naturelibrary/images/ic/640x360/a/an/animal/animal_1.jpg
http://ichef.bbci.co.uk/naturelibrary/images/ic/83x104/a/an/animal/animal_1.jpg
http://ichef.bbci.co.uk/naturelibrary/images/ic/640x360/m/ma/manidae/manidae_1.jpg
http://ichef.bbci.co.uk/naturelibrary/images/ic/83x104/m/ma/manidae/manidae_1.jpg
http://ichef.bbci.co.uk/naturelibrary/images/ic/640x360/m/mo/moulting/moulting_1.jpg
http://ichef.bbci.co.uk/naturelibrary/images/ic/83x104/m/mo/moulting/moulting_1.jpg
http://ichef.bbci.co.uk/naturelibrary/images/ic/640x360/j/ja/jaguar/jaguar_1.jpg
http://ichef.bbci.co.uk/naturelibrary/images/ic/83x104/j/ja/jaguar/jaguar_1.jpg
http://ichef.bbci.co.uk/naturelibrary/images/ic/640x360/l/le/leptictidium/leptictidium_1.jpg
http://ichef.bbci.co.uk/naturelibrary/images/ic/83x104/l/le/leptictidium/leptictidium_1.jpg
http://ichef.bbci.co.uk/naturelibrary/images/ic/640x360/a/au/australopithecus/australopithecus_1.jpg
http://ichef.bbci.co.uk/naturelibrary/images/ic/83x104/a/au/australopithecus/australopithecus_1.jpg
http://ichef.bbci.co.uk/naturelibrary/images/ic/640x360/p/pi/pitheciidae/pitheciidae_1.jpg
http://ichef.bbci.co.uk/naturelibrary/images/ic/83x104/p/pi/pitheciidae/pitheciidae_1.jpg
http://ichef.bbci.co.uk/naturelibrary/images/ic/640x360/a/ar/argentinosaurus/argentinosaurus_1.jpg
http://ichef.bbci.co.uk/naturelibrary/images/ic/83x104/a/ar/argentinosaurus/argentinosaurus_1.jpg
