http://ichef.bbci.co.uk/naturelibrary/images/ic/640x360/g/gr/green_woodpecker/green_woodpecker_1.jpg
http://ichef.bbci.co.uk/naturelibrary/images/ic/83x104/g/gr/green_woodpecker/green_woodpecker_1.jpg
http://ichef.bbci.co.uk/naturelibrary/images/ic/640x360/l/ll/lloydia_serotina/lloydia_serotina_1.jpg
http://ichef.bbci.co.uk/naturelibrary/images/ic/83x104/l/ll/lloydia_serotina/lloydia_serotina_1.jpg
http://ichef.bbci.co.uk/naturelibrary/images/ic/640x360/l/le/lesser_black-backed_gull/lesser_black-backed_gull_1.jpg
http://ichef.bbci.co.uk/naturelibrary/images/ic/83x104/l/le/lesser_black-backed_gull/lesser_black-backed_gull_1.jpg
http://ichef.bbci.co.uk/naturelibrary/images/ic/640x360/t/tu/tundra_swan/tundra_swan_1.jpg
http://ichef.bbci.co.uk/naturelibrary/images/ic/640x360/c/co/common_ringed_plover/common_ringed_plover_1.jpg
http://ichef.bbci.co.uk/naturelibrary/images/ic/640x360/r/ro/roe_deer/roe_deer_1.jpg
http://ichef.bbci.co.uk/naturelibrary/images/ic/83x104/r/ro/roe_deer/roe_deer_1.jpg
http://ichef.bbci.co.uk/naturelibrary/images/ic/640x360/e/el/eleonoras_falcon/eleonoras_falcon_1.jpg
http://ichef.bbci.co.uk/naturelibrary/images/ic/83x104/e/el/eleonoras_falcon/eleonoras_falcon_1.jpg
http://ichef.bbci.co.uk/naturelibrary/images/ic/640x360/h/he/heron/heron_1.jpg
http://ichef.bbci.co.uk/naturelibrary/images/ic/83x104/h/he/heron/heron_1.jpg
http://ichef.bbci.co.uk/naturelibrary/images/ic/640x360/p/pa/papaver_radicatum/papaver_radicatum_1.jpg
http://ichef.bbci.co.uk/naturelibrary/images/ic/640x360/m/me/meerkat/meerkat_1.jpg
http://ichef.bbci.co.uk/naturelibrary/images/ic/261x326/collections/p00db3b8/portrait.jpg
http://ichef.bbci.co.uk/naturelibrary/images/ic/83x104/collections/p00db3b8/portrait.jpg
http://ichef.bbci.co.uk/naturelibrary/images/ic/640x360/c/ca/callitrichidae/callitrichidae_1.jpg
http://ichef.bbci.co.uk/naturelibrary/images/ic/83x104/c/ca/callitrichidae/callitrichidae_1.jpg
http://ichef.bbci.co.uk/naturelibrary/images/ic/640x360/b/be/bear/bear_1.jpg
http://ichef.bbci.co.uk/naturelibrary/images/ic/640x360/t/ti/titanosauridae/titanosauridae_1.jpg
http://ichef.bbci.co.uk/naturelibrary/images/ic/83x104/t/ti/titanosauridae/titanosauridae_1.jpg
http://ichef.bbci.co.uk/naturelibrary/images/ic/640x360/p/ph/phascolarctidae/phascolarctidae_1.jpg
http://ichef.bbci.co.uk/naturelibrary/images/ic/83x104/p/ph/phascolarctidae/phascolarctidae_1.jpg
http://ichef.bbci.co.uk/naturelibrary/images/ic/640x360/r/ro/rock_ptarmigan/rock_ptarmigan_1.jpg
http://ichef.bbci.co.uk/naturelibrary/images/ic/640x360/n/no/northern_fulmar/northern_fulmar_1.jpg
http://ichef.bbci.co.uk/naturelibrary/images/ic/640x360/b/ba/bald_uakari/bald_uakari_1.jpg
http://ichef.bbci.co.uk/naturelibrary/images/ic/83x104/b/ba/bald_uakari/bald_uakari_1.jpg
http://ichef.bbci.co.uk/naturelibrary/images/ic/640x360/l/la/large_white/large_white_1.jpg
http://ichef.bbci.co.uk/naturelibrary/images/ic/640x360/p/py/python_molurus/python_molurus_1.jpg
http://ichef.bbci.co.uk/naturelibrary/images/ic/83x104/p/py/python_molurus/python_molurus_1.jpg
http://ichef.bbci.co.uk/naturelibrary/images/ic/640x360/b/bo/boidae/boidae_1.jpg
http://ichef.bbci.co.uk/naturelibrary/images/ic/83x104/b/bo/boidae/boidae_1.jpg
http://ichef.bbci.co.uk/naturelibrary/images/ic/640x360/s/st/streptopelia/streptopelia_1.jpg
http://ichef.bbci.co.uk/naturelibrary/images/ic/83x104/s/st/streptopelia/streptopelia_1.jpg
http://ichef.bbci.co.uk/naturelibrary/images/ic/640x360/i/ig/iguanodont/iguanodont_1.jpg
http://ichef.bbci.co.uk/naturelibrary/images/ic/83x104/i/ig/iguanodont/iguanodont_1.jpg
http://ichef.bbci.co.uk/naturelibrary/images/ic/640x360/c/ch/chiffchaff/chiffchaff_1.jpg
http://ichef.bbci.co.uk/naturelibrary/images/ic/83x104/c/ch/chiffchaff/chiffchaff_1.jpg
http://ichef.bbci.co.uk/naturelibrary/images/ic/640x360/c/ch/chimpanzee/chimpanzee_1.jpg
http://ichef.bbci.co.uk/naturelibrary/images/ic/83x104/c/ch/chimpanzee/chimpanzee_1.jpg
http://ichef.bbci.co.uk/naturelibrary/images/ic/640x360/d/da/dartford_warbler/dartford_warbler_1.jpg
http://ichef.bbci.co.uk/naturelibrary/images/ic/83x104/d/da/dartford_warbler/dartford_warbler_1.jpg
http://ichef.bbci.co.uk/naturelibrary/images/ic/640x360/l/la/lampyris_noctiluca/lampyris_noctiluca_1.jpg
http://ichef.bbci.co.uk/naturelibrary/images/ic/83x104/l/la/lampyris_noctiluca/lampyris_noctiluca_1.jpg
http://ichef.bbci.co.uk/naturelibrary/images/ic/640x360/s/sn/snowy_owl/snowy_owl_1.jpg
http://ichef.bbci.co.uk/naturelibrary/images/ic/83x104/s/sn/snowy_owl/snowy_owl_1.jpg
http://ichef.bbci.co.uk/naturelibrary/images/ic/640x360/e/em/emberizidae/emberizidae_1.jpg
http://ichef.bbci.co.uk/naturelibrary/images/ic/83x104/e/em/emberizidae/emberizidae_1.jpg
http://ichef.bbci.co.uk/naturelibrary/images/ic/261x326/collections/p00fxfvq/portrait.jpg
http://ichef.bbci.co.uk/naturelibrary/images/ic/83x104/collections/p00fxfvq/portrait.jpg
http://ichef.bbci.co.uk/naturelibrary/images/ic/640x360/a/an/annelid/annelid_1.jpg
http://ichef.bbci.co.uk/naturelibrary/images/ic/83x104/a/an/annelid/annelid_1.jpg
http://ichef.bbci.co.uk/naturelibrary/images/ic/640x360/m/ma/markhor/markhor_1.jpg
http://ichef.bbci.co.uk/naturelibrary/images/ic/83x104/m/ma/markhor/markhor_1.jpg
http://ichef.bbci.co.uk/naturelibrary/images/ic/640x360/h/ha/harriss_hawk/harriss_hawk_1.jpg
http://ichef.bbci.co.uk/naturelibrary/images/ic/640x360/t/tu/tufted_capuchin/tufted_capuchin_1.jpg
http://ichef.bbci.co.uk/naturelibrary/images/ic/83x104/t/tu/tufted_capuchin/tufted_capuchin_1.jpg
http://ichef.bbci.co.uk/naturelibrary/images/ic/640x360/m/ma/mayfly/mayfly_1.jpg
http://ichef.bbci.co.uk/naturelibrary/images/ic/83x104/m/ma/mayfly/mayfly_1.jpg
http://ichef.bbci.co.uk/naturelibrary/images/ic/640x360/n/ne/new_world_vulture/new_world_vulture_1.jpg
http://ichef.bbci.co.uk/naturelibrary/images/ic/83x104/n/ne/new_world_vulture/new_world_vulture_1.jpg
http://ichef.bbci.co.uk/naturelibrary/images/ic/640x360/p/pe/pernis_bird/pernis_bird_1.jpg
http://ichef.bbci.co.uk/naturelibrary/images/ic/83x104/p/pe/pernis_bird/pernis_bird_1.jpg
http://ichef.bbci.co.uk/naturelibrary/images/ic/640x360/f/fi/firefly/firefly_1.jpg
http://ichef.bbci.co.uk/naturelibrary/images/ic/83x104/f/fi/firefly/firefly_1.jpg
http://ichef.bbci.co.uk/naturelibrary/images/ic/640x360/a/as/astacidae/astacidae_1.jpg
http://ichef.bbci.co.uk/naturelibrary/images/ic/83x104/a/as/astacidae/astacidae_1.jpg
http://ichef.bbci.co.uk/naturelibrary/images/ic/640x360/k/ki/king_penguin/king_penguin_1.jpg
http://ichef.bbci.co.uk/naturelibrary/images/ic/83x104/k/ki/king_penguin/king_penguin_1.jpg
http://ichef.bbci.co.uk/naturelibrary/images/ic/640x360/v/ve/vespula_vulgaris/vespula_vulgaris_1.jpg
http://ichef.bbci.co.uk/naturelibrary/images/ic/83x104/v/ve/vespula_vulgaris/vespula_vulgaris_1.jpg
http://ichef.bbci.co.uk/naturelibrary/images/ic/640x360/l/li/litopterna/litopterna_1.jpg
http://ichef.bbci.co.uk/naturelibrary/images/ic/83x104/l/li/litopterna/litopterna_1.jpg
http://ichef.bbci.co.uk/naturelibrary/images/ic/261x326/collections/p0048522/portrait.jpg
http://ichef.bbci.co.uk/naturelibrary/images/ic/83x104/collections/p0048522/portrait.jpg
http://ichef.bbci.co.uk/naturelibrary/images/ic/640x360/h/he/herbivore/herbivore_1.jpg
http://ichef.bbci.co.uk/naturelibrary/images/ic/83x104/h/he/herbivore/herbivore_1.jpg
http://ichef.bbci.co.uk/naturelibrary/images/ic/640x360/e/eu/european_rabbit/european_rabbit_1.jpg
http://ichef.bbci.co.uk/naturelibrary/images/ic/83x104/e/eu/european_rabbit/european_rabbit_1.jpg
http://ichef.bbci.co.uk/naturelibrary/images/ic/640x360/e/ep/epidexipteryx/epidexipteryx_1.jpg
http://ichef.bbci.co.uk/naturelibrary/images/ic/640x360/p/ph/phascolarctos/phascolarctos_1.jpg
http://ichef.bbci.co.uk/naturelibrary/images/ic/83x104/p/ph/phascolarctos/phascolarctos_1.jpg
http://ichef.bbci.co.uk/naturelibrary/images/ic/640x360/s/st/star-nosed_mole/star-nosed_mole_1.jpg
http://ichef.bbci.co.uk/naturelibrary/images/ic/640x360/s/sa/sand_goanna/sand_goanna_1.jpg
http://ichef.bbci.co.uk/naturelibrary/images/ic/83x104/s/sa/sand_goanna/sand_goanna_1.jpg
http://ichef.bbci.co.uk/naturelibrary/images/ic/640x360/b/bi/birds_of_paradise/birds_of_paradise_1.jpg
http://ichef.bbci.co.uk/naturelibrary/images/ic/83x104/b/bi/birds_of_paradise/birds_of_paradise_1.jpg
http://ichef.bbci.co.uk/naturelibrary/images/ic/640x360/s/sq/squamata/squamata_1.jpg
http://ichef.bbci.co.uk/naturelibrary/images/ic/83x104/s/sq/squamata/squamata_1.jpg
http://ichef.bbci.co.uk/naturelibrary/images/ic/640x360/a/ar/arctic_ground_squirrel/arctic_ground_squirrel_1.jpg
http://ichef.bbci.co.uk/naturelibrary/images/ic/83x104/a/ar/arctic_ground_squirrel/arctic_ground_squirrel_1.jpg
http://ichef.bbci.co.uk/naturelibrary/images/ic/640x360/c/co/common_crossbill/common_crossbill_1.jpg
http://ichef.bbci.co.uk/naturelibrary/images/ic/640x360/t/tu/tundra/tundra_1.jpg
http://ichef.bbci.co.uk/naturelibrary/images/ic/83x104/t/tu/tundra/tundra_1.jpg
http://ichef.bbci.co.uk/naturelibrary/images/ic/640x360/a/an/antilocapra/antilocapra_1.jpg
http://ichef.bbci.co.uk/naturelibrary/images/ic/83x104/a/an/antilocapra/antilocapra_1.jpg
http://ichef.bbci.co.uk/naturelibrary/images/ic/640x360/f/fu/fungus/fungus_1.jpg
http://ichef.bbci.co.uk/naturelibrary/images/ic/83x104/f/fu/fungus/fungus_1.jpg
http://ichef.bbci.co.uk/naturelibrary/images/ic/640x360/s/st/stenella/stenella_1.jpg
http://ichef.bbci.co.uk/naturelibrary/images/ic/640x360/g/ga/gastornithiformes/gastornithiformes_1.jpg
http://ichef.bbci.co.uk/naturelibrary/images/ic/83x104/g/ga/gastornithiformes/gastornithiformes_1.jpg
http://ichef.bbci.co.uk/naturelibrary/images/ic/640x360/b/ba/barnacle_goose/barnacle_goose_1.jpg
http://ichef.bbci.co.uk/naturelibrary/images/ic/83x104/b/ba/barnacle_goose/barnacle_goose_1.jpg
http://ichef.bbci.co.uk/naturelibrary/images/ic/640x360/o/os/ostrich/ostrich_1.jpg
http://ichef.bbci.co.uk/naturelibrary/images/ic/640x360/s/sn/snares_penguin/snares_penguin_1.jpg
http://ichef.bbci.co.uk/naturelibrary/images/ic/83x104/s/sn/snares_penguin/snares_penguin_1.jpg
http://ichef.bbci.co.uk/naturelibrary/images/ic/640x360/b/be/bear_dog/bear_dog_1.jpg
http://ichef.bbci.co.uk/naturelibrary/images/ic/83x104/b/be/bear_dog/bear_dog_1.jpg
http://ichef.bbci.co.uk/naturelibrary/images/ic/640x360/w/wh/white-throated_dipper/white-throated_dipper_1.jpg
http://ichef.bbci.co.uk/naturelibrary/images/ic/640x360/t/tr/treecreeper/treecreeper_1.jpg
http://ichef.bbci.co.uk/naturelibrary/images/ic/83x104/t/tr/treecreeper/treecreeper_1.jpg
http://ichef.bbci.co.uk/naturelibrary/images/ic/640x360/k/ki/king_cobra/king_cobra_1.jpg
http://ichef.bbci.co.uk/naturelibrary/images/ic/83x104/k/ki/king_cobra/king_cobra_1.jpg
http://ichef.bbci.co.uk/naturelibrary/images/ic/640x360/o/oc/oceanic_dolphin/oceanic_dolphin_1.jpg
http://ichef.bbci.co.uk/naturelibrary/images/ic/83x104/o/oc/oceanic_dolphin/oceanic_dolphin_1.jpg
http://ichef.bbci.co.uk/naturelibrary/images/ic/640x360/c/ca/calcareous_grassland/calcareous_grassland_1.jpg
http://ichef.bbci.co.uk/naturelibrary/images/ic/83x104/c/ca/calcareous_grassland/calcareous_grassland_1.jpg
http://ichef.bbci.co.uk/naturelibrary/images/ic/640x360/h/ha/haasts_eagle/haasts_eagle_1.jpg
http://ichef.bbci.co.uk/naturelibrary/images/ic/83x104/h/ha/haasts_eagle/haasts_eagle_1.jpg
http://ichef.bbci.co.uk/naturelibrary/images/ic/640x360/s/sp/spectacled_eider/spectacled_eider_1.jpg
http://ichef.bbci.co.uk/naturelibrary/images/ic/640x360/c/ch/chordate/chordate_1.jpg
http://ichef.bbci.co.uk/naturelibrary/images/ic/83x104/c/ch/chordate/chordate_1.jpg
http://ichef.bbci.co.uk/naturelibrary/images/ic/640x360/a/ai/aix_genus/aix_genus_1.jpg
http://ichef.bbci.co.uk/naturelibrary/images/ic/83x104/a/ai/aix_genus/aix_genus_1.jpg
http://ichef.bbci.co.uk/naturelibrary/images/ic/640x360/p/pi/pica_genus/pica_genus_1.jpg
http://ichef.bbci.co.uk/naturelibrary/images/ic/83x104/p/pi/pica_genus/pica_genus_1.jpg
http://ichef.bbci.co.uk/naturelibrary/images/ic/640x360/b/bl/blackcap/blackcap_1.jpg
http://ichef.bbci.co.uk/naturelibrary/images/ic/83x104/b/bl/blackcap/blackcap_1.jpg
http://ichef.bbci.co.uk/naturelibrary/images/ic/640x360/p/pr/protoceratops/protoceratops_1.jpg
http://ichef.bbci.co.uk/naturelibrary/images/ic/83x104/p/pr/protoceratops/protoceratops_1.jpg
http://ichef.bbci.co.uk/naturelibrary/images/ic/640x360/w/wo/woolly_rhinoceros/woolly_rhinoceros_1.jpg
http://ichef.bbci.co.uk/naturelibrary/images/ic/83x104/w/wo/woolly_rhinoceros/woolly_rhinoceros_1.jpg
http://ichef.bbci.co.uk/naturelibrary/images/ic/640x360/l/la/lawess_parotia/lawess_parotia_1.jpg
http://ichef.bbci.co.uk/naturelibrary/images/ic/83x104/l/la/lawess_parotia/lawess_parotia_1.jpg
http://ichef.bbci.co.uk/naturelibrary/images/ic/640x360/b/be/beetle/beetle_1.jpg
http://ichef.bbci.co.uk/naturelibrary/images/ic/83x104/b/be/beetle/beetle_1.jpg
http://ichef.bbci.co.uk/naturelibrary/images/ic/640x360/s/se/sexual_dimorphism/sexual_dimorphism_1.jpg
http://ichef.bbci.co.uk/naturelibrary/images/ic/83x104/s/se/sexual_dimorphism/sexual_dimorphism_1.jpg
http://ichef.bbci.co.uk/naturelibrary/images/ic/640x360/a/an/anseriformes/anseriformes_1.jpg
http://ichef.bbci.co.uk/naturelibrary/images/ic/83x104/a/an/anseriformes/anseriformes_1.jpg
http://ichef.bbci.co.uk/naturelibrary/images/ic/640x360/e/eg/egretta/egretta_1.jpg
http://ichef.bbci.co.uk/naturelibrary/images/ic/83x104/e/eg/egretta/egretta_1.jpg
http://ichef.bbci.co.uk/naturelibrary/images/ic/640x360/l/ly/lycalopex/lycalopex_1.jpg
http://ichef.bbci.co.uk/naturelibrary/images/ic/83x104/l/ly/lycalopex/lycalopex_1.jpg
http://ichef.bbci.co.uk/naturelibrary/images/ic/640x360/t/ti/tiger/tiger_1.jpg
http://ichef.bbci.co.uk/naturelibrary/images/ic/640x360/m/mu/muskox/muskox_1.jpg
http://ichef.bbci.co.uk/naturelibrary/images/ic/83x104/m/mu/muskox/muskox_1.jpg
http://ichef.bbci.co.uk/naturelibrary/images/ic/640x360/p/pa/panthera/panthera_1.jpg
http://ichef.bbci.co.uk/naturelibrary/images/ic/640x360/f/fe/felidae/felidae_1.jpg
http://ichef.bbci.co.uk/naturelibrary/images/ic/640x360/c/co/cordyceps/cordyceps_1.jpg
http://ichef.bbci.co.uk/naturelibrary/images/ic/83x104/c/co/cordyceps/cordyceps_1.jpg
http://ichef.bbci.co.uk/naturelibrary/images/ic/640x360/c/co/columbiformes/columbiformes_1.jpg
http://ichef.bbci.co.uk/naturelibrary/images/ic/83x104/c/co/columbiformes/columbiformes_1.jpg
http://ichef.bbci.co.uk/naturelibrary/images/ic/640x360/a/ac/actinopterygii/actinopterygii_1.jpg
http://ichef.bbci.co.uk/naturelibrary/images/ic/83x104/a/ac/actinopterygii/actinopterygii_1.jpg
http://ichef.bbci.co.uk/naturelibrary/images/ic/640x360/p/pe/penguin/penguin_1.jpg
http://ichef.bbci.co.uk/naturelibrary/images/ic/640x360/c/ce/ceratopsidae/ceratopsidae_1.jpg
http://ichef.bbci.co.uk/naturelibrary/images/ic/83x104/c/ce/ceratopsidae/ceratopsidae_1.jpg
http://ichef.bbci.co.uk/naturelibrary/images/ic/640x360/p/pa/parotia/parotia_1.jpg
http://ichef.bbci.co.uk/naturelibrary/images/ic/83x104/p/pa/parotia/parotia_1.jpg
http://ichef.bbci.co.uk/naturelibrary/images/ic/640x360/b/br/brown_basilisk/brown_basilisk_1.jpg
http://ichef.bbci.co.uk/naturelibrary/images/ic/83x104/b/br/brown_basilisk/brown_basilisk_1.jpg
http://ichef.bbci.co.uk/naturelibrary/images/ic/640x360/a/af/african_wild_dog/african_wild_dog_1.jpg
http://ichef.bbci.co.uk/naturelibrary/images/ic/83x104/a/af/african_wild_dog/african_wild_dog_1.jpg
http://ichef.bbci.co.uk/naturelibrary/images/ic/640x360/p/po/podicipediformes/podicipediformes_1.jpg
http://ichef.bbci.co.uk/naturelibrary/images/ic/83x104/p/po/podicipediformes/podicipediformes_1.jpg
http://ichef.bbci.co.uk/naturelibrary/images/ic/640x360/m/ma/mastodon/mastodon_1.jpg
http://ichef.bbci.co.uk/naturelibrary/images/ic/83x104/m/ma/mastodon/mastodon_1.jpg
http://ichef.bbci.co.uk/naturelibrary/images/ic/640x360/c/cr/crocodylus/crocodylus_1.jpg
http://ichef.bbci.co.uk/naturelibrary/images/ic/83x104/c/cr/crocodylus/crocodylus_1.jpg
http://ichef.bbci.co.uk/naturelibrary/images/ic/640x360/g/gr/grebe/grebe_1.jpg
http://ichef.bbci.co.uk/naturelibrary/images/ic/83x104/g/gr/grebe/grebe_1.jpg
http://ichef.bbci.co.uk/naturelibrary/images/ic/640x360/m/ma/malacostraca/malacostraca_1.jpg
http://ichef.bbci.co.uk/naturelibrary/images/ic/83x104/m/ma/malacostraca/malacostraca_1.jpg
http://ichef.bbci.co.uk/naturelibrary/images/ic/640x360/h/ha/haematopus/haematopus_1.jpg
http://ichef.bbci.co.uk/naturelibrary/images/ic/83x104/h/ha/haematopus/haematopus_1.jpg
http://ichef.bbci.co.uk/naturelibrary/images/ic/640x360/p/ph/pholidota/pholidota_1.jpg
http://ichef.bbci.co.uk/naturelibrary/images/ic/83x104/p/ph/pholidota/pholidota_1.jpg
http://ichef.bbci.co.uk/naturelibrary/images/ic/640x360/f/fo/formica/formica_1.jpg
http://ichef.bbci.co.uk/naturelibrary/images/ic/83x104/f/fo/formica/formica_1.jpg
