http://ichef.bbci.co.uk/naturelibrary/images/ic/640x360/e/ec/echinoderm/echinoderm_1.jpg
http://ichef.bbci.co.uk/naturelibrary/images/ic/83x104/e/ec/echinoderm/echinoderm_1.jpg
http://ichef.bbci.co.uk/naturelibrary/images/ic/640x360/s/si/siamese_crocodile/siamese_crocodile_1.jpg
http://ichef.bbci.co.uk/naturelibrary/images/ic/83x104/s/si/siamese_crocodile/siamese_crocodile_1.jpg
http://ichef.bbci.co.uk/naturelibrary/images/ic/640x360/m/ma/magicicada/magicicada_1.jpg
http://ichef.bbci.co.uk/naturelibrary/images/ic/83x104/m/ma/magicicada/magicicada_1.jpg
http://ichef.bbci.co.uk/naturelibrary/images/ic/640x360/s/sn/snow_petrel/snow_petrel_1.jpg
http://ichef.bbci.co.uk/naturelibrary/images/ic/83x104/s/sn/snow_petrel/snow_petrel_1.jpg
http://ichef.bbci.co.uk/naturelibrary/images/ic/640x360/g/ga/gastornithidae/gastornithidae_1.jpg
http://ichef.bbci.co.uk/naturelibrary/images/ic/83x104/g/ga/gastornithidae/gastornithidae_1.jpg
http://ichef.bbci.co.uk/naturelibrary/images/ic/640x360/s/st/stingray/stingray_1.jpg
http://ichef.bbci.co.uk/naturelibrary/images/ic/83x104/s/st/stingray/stingray_1.jpg
http://ichef.bbci.co.uk/naturelibrary/images/ic/640x360/p/pa/parthenogenesis/parthenogenesis_1.jpg
http://ichef.bbci.co.uk/naturelibrary/images/ic/83x104/p/pa/parthenogenesis/parthenogenesis_1.jpg
http://ichef.bbci.co.uk/naturelibrary/images/ic/640x360/f/fo/formica_aquilonia/formica_aquilonia_1.jpg
http://ichef.bbci.co.uk/naturelibrary/images/ic/83x104/f/fo/formica_aquilonia/formica_aquilonia_1.jpg
http://ichef.bbci.co.uk/naturelibrary/images/ic/640x360/h/ho/hooded_crow/hooded_crow_1.jpg
http://ichef.bbci.co.uk/naturelibrary/images/ic/83x104/h/ho/hooded_crow/hooded_crow_1.jpg
http://ichef.bbci.co.uk/naturelibrary/images/ic/640x360/e/ei/eider/eider_1.jpg
http://ichef.bbci.co.uk/naturelibrary/images/ic/83x104/e/ei/eider/eider_1.jpg
http://ichef.bbci.co.uk/naturelibrary/images/ic/640x360/v/ve/verreauxs_sifaka/verreauxs_sifaka_1.jpg
http://ichef.bbci.co.uk/naturelibrary/images/ic/83x104/v/ve/verreauxs_sifaka/verreauxs_sifaka_1.jpg
http://ichef.bbci.co.uk/naturelibrary/images/ic/640x360/b/bo/bog/bog_1.jpg
http://ichef.bbci.co.uk/naturelibrary/images/ic/83x104/b/bo/bog/bog_1.jpg
http://ichef.bbci.co.uk/naturelibrary/images/ic/640x360/c/ca/capuchin_monkey/capuchin_monkey_1.jpg
http://ichef.bbci.co.uk/naturelibrary/images/ic/83x104/c/ca/capuchin_monkey/capuchin_monkey_1.jpg
http://ichef.bbci.co.uk/naturelibrary/images/ic/640x360/h/he/hemiptera/hemiptera_1.jpg
http://ichef.bbci.co.uk/naturelibrary/images/ic/83x104/h/he/hemiptera/hemiptera_1.jpg
http://ichef.bbci.co.uk/naturelibrary/images/ic/640x360/n/na/nasua/nasua_1.jpg
http://ichef.bbci.co.uk/naturelibrary/images/ic/83x104/n/na/nasua/nasua_1.jpg
http://ichef.bbci.co.uk/naturelibrary/images/ic/640x360/n/no/northern_goshawk/northern_goshawk_1.jpg
http://ichef.bbci.co.uk/naturelibrary/images/ic/640x360/g/gr/green_sea_turtle/green_sea_turtle_1.jpg
http://ichef.bbci.co.uk/naturelibrary/images/ic/640x360/m/ma/macrocystis/macrocystis_1.jpg
http://ichef.bbci.co.uk/naturelibrary/images/ic/83x104/m/ma/macrocystis/macrocystis_1.jpg
http://ichef.bbci.co.uk/naturelibrary/images/ic/640x360/b/bl/black_crested_gibbon/black_crested_gibbon_1.jpg
http://ichef.bbci.co.uk/naturelibrary/images/ic/83x104/b/bl/black_crested_gibbon/black_crested_gibbon_1.jpg
http://ichef.bbci.co.uk/naturelibrary/images/ic/640x360/c/co/columbidae/columbidae_1.jpg
http://ichef.bbci.co.uk/naturelibrary/images/ic/640x360/l/la/lawess_parotia/lawess_parotia_1.jpg
http://ichef.bbci.co.uk/naturelibrary/images/ic/83x104/l/la/lawess_parotia/lawess_parotia_1.jpg
http://ichef.bbci.co.uk/naturelibrary/images/ic/640x360/g/gr/ground_beetle/ground_beetle_1.jpg
http://ichef.bbci.co.uk/naturelibrary/images/ic/83x104/g/gr/ground_beetle/ground_beetle_1.jpg
http://ichef.bbci.co.uk/naturelibrary/images/ic/640x360/s/se/serotine_bat/serotine_bat_1.jpg
http://ichef.bbci.co.uk/naturelibrary/images/ic/83x104/s/se/serotine_bat/serotine_bat_1.jpg
http://ichef.bbci.co.uk/naturelibrary/images/ic/640x360/o/or/orchidaceae/orchidaceae_1.jpg
http://ichef.bbci.co.uk/naturelibrary/images/ic/83x104/o/or/orchidaceae/orchidaceae_1.jpg
http://ichef.bbci.co.uk/naturelibrary/images/ic/640x360/m/me/megaloceros/megaloceros_1.jpg
http://ichef.bbci.co.uk/naturelibrary/images/ic/83x104/m/me/megaloceros/megaloceros_1.jpg
http://ichef.bbci.co.uk/naturelibrary/images/ic/640x360/g/gr/gray_wolf/gray_wolf_1.jpg
http://ichef.bbci.co.uk/naturelibrary/images/ic/640x360/o/os/ostrich/ostrich_1.jpg
http://ichef.bbci.co.uk/naturelibrary/images/ic/640x360/c/co/cordyceps/cordyceps_1.jpg
http://ichef.bbci.co.uk/naturelibrary/images/ic/83x104/c/co/cordyceps/cordyceps_1.jpg
http://ichef.bbci.co.uk/naturelibrary/images/ic/640x360/t/ti/tiger/tiger_1.jpg
http://ichef.bbci.co.uk/naturelibrary/images/ic/640x360/f/fa/fallow_deer/fallow_deer_1.jpg
http://ichef.bbci.co.uk/naturelibrary/images/ic/640x360/r/re/reptile/reptile_1.jpg
http://ichef.bbci.co.uk/naturelibrary/images/ic/640x360/e/eu/european_storm-petrel/european_storm-petrel_1.jpg
http://ichef.bbci.co.uk/naturelibrary/images/ic/640x360/s/su/sunflower_starfish/sunflower_starfish_1.jpg
http://ichef.bbci.co.uk/naturelibrary/images/ic/83x104/s/su/sunflower_starfish/sunflower_starfish_1.jpg
http://ichef.bbci.co.uk/naturelibrary/images/ic/640x360/c/ca/canalipalpata/canalipalpata_1.jpg
http://ichef.bbci.co.uk/naturelibrary/images/ic/83x104/c/ca/canalipalpata/canalipalpata_1.jpg
http://ichef.bbci.co.uk/naturelibrary/images/ic/640x360/s/su/superb_bird_of_paradise/superb_bird_of_paradise_1.jpg
http://ichef.bbci.co.uk/naturelibrary/images/ic/83x104/s/su/superb_bird_of_paradise/superb_bird_of_paradise_1.jpg
http://ichef.bbci.co.uk/naturelibrary/images/ic/640x360/h/he/heterocephalus/heterocephalus_1.jpg
http://ichef.bbci.co.uk/naturelibrary/images/ic/83x104/h/he/heterocephalus/heterocephalus_1.jpg
http://ichef.bbci.co.uk/naturelibrary/images/ic/640x360/l/li/little_egret/little_egret_1.jpg
http://ichef.bbci.co.uk/naturelibrary/images/ic/83x104/l/li/little_egret/little_egret_1.jpg
http://ichef.bbci.co.uk/naturelibrary/images/ic/640x360/b/bo/bonobo/bonobo_1.jpg
http://ichef.bbci.co.uk/naturelibrary/images/ic/640x360/l/ly/lyrebird/lyrebird_1.jpg
http://ichef.bbci.co.uk/naturelibrary/images/ic/83x104/l/ly/lyrebird/lyrebird_1.jpg
http://ichef.bbci.co.uk/naturelibrary/images/ic/640x360/s/sa/sailfish/sailfish_1.jpg
http://ichef.bbci.co.uk/naturelibrary/images/ic/83x104/s/sa/sailfish/sailfish_1.jpg
http://ichef.bbci.co.uk/naturelibrary/images/ic/640x360/c/co/colubrid/colubrid_1.jpg
http://ichef.bbci.co.uk/naturelibrary/images/ic/83x104/c/co/colubrid/colubrid_1.jpg
http://ichef.bbci.co.uk/naturelibrary/images/ic/640x360/m/me/megabat/megabat_1.jpg
http://ichef.bbci.co.uk/naturelibrary/images/ic/83x104/m/me/megabat/megabat_1.jpg
http://ichef.bbci.co.uk/naturelibrary/images/ic/640x360/p/pr/pronghorn/pronghorn_1.jpg
http://ichef.bbci.co.uk/naturelibrary/images/ic/83x104/p/pr/pronghorn/pronghorn_1.jpg
http://ichef.bbci.co.uk/naturelibrary/images/ic/640x360/g/ga/galapagos_petrel/galapagos_petrel_1.jpg
http://ichef.bbci.co.uk/naturelibrary/images/ic/83x104/g/ga/galapagos_petrel/galapagos_petrel_1.jpg
http://ichef.bbci.co.uk/naturelibrary/images/ic/640x360/n/ne/neuroptera/neuroptera_1.jpg
http://ichef.bbci.co.uk/naturelibrary/images/ic/83x104/n/ne/neuroptera/neuroptera_1.jpg
http://ichef.bbci.co.uk/naturelibrary/images/ic/640x360/s/sh/short-beaked_common_dolphin/short-beaked_common_dolphin_1.jpg
http://ichef.bbci.co.uk/naturelibrary/images/ic/83x104/s/sh/short-beaked_common_dolphin/short-beaked_common_dolphin_1.jpg
http://ichef.bbci.co.uk/naturelibrary/images/ic/640x360/p/ph/physeteridae/physeteridae_1.jpg
http://ichef.bbci.co.uk/naturelibrary/images/ic/83x104/p/ph/physeteridae/physeteridae_1.jpg
http://ichef.bbci.co.uk/naturelibrary/images/ic/640x360/m/mo/monodon/monodon_1.jpg
http://ichef.bbci.co.uk/naturelibrary/images/ic/83x104/m/mo/monodon/monodon_1.jpg
http://ichef.bbci.co.uk/naturelibrary/images/ic/640x360/m/mo/mongoose/mongoose_1.jpg
http://ichef.bbci.co.uk/naturelibrary/images/ic/83x104/m/mo/mongoose/mongoose_1.jpg
