http://ichef.bbci.co.uk/naturelibrary/images/ic/640x360/d/dr/dromaeosauridae/dromaeosauridae_1.jpg
http://ichef.bbci.co.uk/naturelibrary/images/ic/83x104/d/dr/dromaeosauridae/dromaeosauridae_1.jpg
http://ichef.bbci.co.uk/naturelibrary/images/ic/640x360/b/ba/basilosaurus/basilosaurus_1.jpg
http://ichef.bbci.co.uk/naturelibrary/images/ic/83x104/b/ba/basilosaurus/basilosaurus_1.jpg
http://ichef.bbci.co.uk/naturelibrary/images/ic/640x360/m/ma/macroglossum_stellatarum/macroglossum_stellatarum_1.jpg
http://ichef.bbci.co.uk/naturelibrary/images/ic/83x104/m/ma/macroglossum_stellatarum/macroglossum_stellatarum_1.jpg
http://ichef.bbci.co.uk/naturelibrary/images/ic/640x360/h/hu/hummingbird/hummingbird_1.jpg
http://ichef.bbci.co.uk/naturelibrary/images/ic/640x360/l/lo/loranthaceae/loranthaceae_1.jpg
http://ichef.bbci.co.uk/naturelibrary/images/ic/83x104/l/lo/loranthaceae/loranthaceae_1.jpg
http://ichef.bbci.co.uk/naturelibrary/images/ic/640x360/t/ta/taraxacum/taraxacum_1.jpg
http://ichef.bbci.co.uk/naturelibrary/images/ic/640x360/l/lu/lutra/lutra_1.jpg
http://ichef.bbci.co.uk/naturelibrary/images/ic/83x104/l/lu/lutra/lutra_1.jpg
http://ichef.bbci.co.uk/naturelibrary/images/ic/640x360/s/sc/scarabaeidae/scarabaeidae_1.jpg
http://ichef.bbci.co.uk/naturelibrary/images/ic/83x104/s/sc/scarabaeidae/scarabaeidae_1.jpg
http://ichef.bbci.co.uk/naturelibrary/images/ic/640x360/c/cl/clitellata/clitellata_1.jpg
http://ichef.bbci.co.uk/naturelibrary/images/ic/83x104/c/cl/clitellata/clitellata_1.jpg
http://ichef.bbci.co.uk/naturelibrary/images/ic/640x360/s/so/solifugae/solifugae_1.jpg
http://ichef.bbci.co.uk/naturelibrary/images/ic/83x104/s/so/solifugae/solifugae_1.jpg
http://ichef.bbci.co.uk/naturelibrary/images/ic/640x360/e/ea/earless_seal/earless_seal_1.jpg
http://ichef.bbci.co.uk/naturelibrary/images/ic/83x104/e/ea/earless_seal/earless_seal_1.jpg
http://ichef.bbci.co.uk/naturelibrary/images/ic/640x360/r/re/red-backed_vole/red-backed_vole_1.jpg
http://ichef.bbci.co.uk/naturelibrary/images/ic/83x104/r/re/red-backed_vole/red-backed_vole_1.jpg
http://ichef.bbci.co.uk/naturelibrary/images/ic/640x360/b/ba/basidiomycota/basidiomycota_1.jpg
http://ichef.bbci.co.uk/naturelibrary/images/ic/83x104/b/ba/basidiomycota/basidiomycota_1.jpg
http://ichef.bbci.co.uk/naturelibrary/images/ic/640x360/t/th/therizinosaurus/therizinosaurus_1.jpg
http://ichef.bbci.co.uk/naturelibrary/images/ic/83x104/t/th/therizinosaurus/therizinosaurus_1.jpg
http://ichef.bbci.co.uk/naturelibrary/images/ic/640x360/a/an/antilope/antilope_1.jpg
http://ichef.bbci.co.uk/naturelibrary/images/ic/83x104/a/an/antilope/antilope_1.jpg
http://ichef.bbci.co.uk/naturelibrary/images/ic/640x360/g/gr/grey_heron/grey_heron_1.jpg
http://ichef.bbci.co.uk/naturelibrary/images/ic/640x360/n/ne/neovison/neovison_1.jpg
http://ichef.bbci.co.uk/naturelibrary/images/ic/83x104/n/ne/neovison/neovison_1.jpg
http://ichef.bbci.co.uk/naturelibrary/images/ic/640x360/h/hy/hyracodontidae/hyracodontidae_1.jpg
http://ichef.bbci.co.uk/naturelibrary/images/ic/83x104/h/hy/hyracodontidae/hyracodontidae_1.jpg
http://ichef.bbci.co.uk/naturelibrary/images/ic/640x360/b/br/brown_trout/brown_trout_1.jpg
http://ichef.bbci.co.uk/naturelibrary/images/ic/83x104/b/br/brown_trout/brown_trout_1.jpg
http://ichef.bbci.co.uk/naturelibrary/images/ic/640x360/c/ca/canis/canis_1.jpg
http://ichef.bbci.co.uk/naturelibrary/images/ic/83x104/c/ca/canis/canis_1.jpg
http://ichef.bbci.co.uk/naturelibrary/images/ic/640x360/t/tr/trachelophorus/trachelophorus_1.jpg
http://ichef.bbci.co.uk/naturelibrary/images/ic/83x104/t/tr/trachelophorus/trachelophorus_1.jpg
http://ichef.bbci.co.uk/naturelibrary/images/ic/640x360/b/be/beloniformes/beloniformes_1.jpg
http://ichef.bbci.co.uk/naturelibrary/images/ic/83x104/b/be/beloniformes/beloniformes_1.jpg
http://ichef.bbci.co.uk/naturelibrary/images/ic/640x360/l/li/liliales/liliales_1.jpg
http://ichef.bbci.co.uk/naturelibrary/images/ic/83x104/l/li/liliales/liliales_1.jpg
http://ichef.bbci.co.uk/naturelibrary/images/ic/640x360/b/ba/bamboo_lemur/bamboo_lemur_1.jpg
http://ichef.bbci.co.uk/naturelibrary/images/ic/83x104/b/ba/bamboo_lemur/bamboo_lemur_1.jpg
http://ichef.bbci.co.uk/naturelibrary/images/ic/640x360/h/hi/hippopotamus_genus/hippopotamus_genus_1.jpg
http://ichef.bbci.co.uk/naturelibrary/images/ic/83x104/h/hi/hippopotamus_genus/hippopotamus_genus_1.jpg
http://ichef.bbci.co.uk/naturelibrary/images/ic/640x360/a/al/allosauridae/allosauridae_1.jpg
http://ichef.bbci.co.uk/naturelibrary/images/ic/83x104/a/al/allosauridae/allosauridae_1.jpg
