http://ichef.bbci.co.uk/naturelibrary/images/ic/640x360/p/pa/parrot/parrot_1.jpg
http://ichef.bbci.co.uk/naturelibrary/images/ic/83x104/p/pa/parrot/parrot_1.jpg
http://ichef.bbci.co.uk/naturelibrary/images/ic/640x360/f/fl/flowering_plant/flowering_plant_1.jpg
http://ichef.bbci.co.uk/naturelibrary/images/ic/83x104/f/fl/flowering_plant/flowering_plant_1.jpg
http://ichef.bbci.co.uk/naturelibrary/images/ic/640x360/b/br/brownfield_land/brownfield_land_1.jpg
http://ichef.bbci.co.uk/naturelibrary/images/ic/83x104/b/br/brownfield_land/brownfield_land_1.jpg
http://ichef.bbci.co.uk/naturelibrary/images/ic/640x360/s/st/starling/starling_1.jpg
http://ichef.bbci.co.uk/naturelibrary/images/ic/83x104/s/st/starling/starling_1.jpg
http://ichef.bbci.co.uk/naturelibrary/images/ic/640x360/n/no/nocturnality/nocturnality_1.jpg
http://ichef.bbci.co.uk/naturelibrary/images/ic/83x104/n/no/nocturnality/nocturnality_1.jpg
http://ichef.bbci.co.uk/naturelibrary/images/ic/640x360/s/su/superb_lyrebird/superb_lyrebird_1.jpg
http://ichef.bbci.co.uk/naturelibrary/images/ic/83x104/s/su/superb_lyrebird/superb_lyrebird_1.jpg
http://ichef.bbci.co.uk/naturelibrary/images/ic/640x360/s/so/sockeye_salmon/sockeye_salmon_1.jpg
http://ichef.bbci.co.uk/naturelibrary/images/ic/83x104/s/so/sockeye_salmon/sockeye_salmon_1.jpg
http://ichef.bbci.co.uk/naturelibrary/images/ic/640x360/a/an/ant/ant_1.jpg
http://ichef.bbci.co.uk/naturelibrary/images/ic/640x360/c/co/common_murre/common_murre_1.jpg
http://ichef.bbci.co.uk/naturelibrary/images/ic/640x360/b/bl/black-tailed_prairie_dog/black-tailed_prairie_dog_1.jpg
http://ichef.bbci.co.uk/naturelibrary/images/ic/83x104/b/bl/black-tailed_prairie_dog/black-tailed_prairie_dog_1.jpg
http://ichef.bbci.co.uk/naturelibrary/images/ic/640x360/s/sw/swan/swan_1.jpg
http://ichef.bbci.co.uk/naturelibrary/images/ic/83x104/s/sw/swan/swan_1.jpg
http://ichef.bbci.co.uk/naturelibrary/images/ic/640x360/m/mo/mountain_hare/mountain_hare_1.jpg
http://ichef.bbci.co.uk/naturelibrary/images/ic/640x360/p/pr/prunellidae/prunellidae_1.jpg
http://ichef.bbci.co.uk/naturelibrary/images/ic/83x104/p/pr/prunellidae/prunellidae_1.jpg
http://ichef.bbci.co.uk/naturelibrary/images/ic/640x360/p/ps/pseudois/pseudois_1.jpg
http://ichef.bbci.co.uk/naturelibrary/images/ic/83x104/p/ps/pseudois/pseudois_1.jpg
http://ichef.bbci.co.uk/naturelibrary/images/ic/640x360/h/ha/harpia/harpia_1.jpg
http://ichef.bbci.co.uk/naturelibrary/images/ic/83x104/h/ha/harpia/harpia_1.jpg
http://ichef.bbci.co.uk/naturelibrary/images/ic/640x360/p/ps/psychrophile/psychrophile_1.jpg
http://ichef.bbci.co.uk/naturelibrary/images/ic/83x104/p/ps/psychrophile/psychrophile_1.jpg
http://ichef.bbci.co.uk/naturelibrary/images/ic/640x360/s/si/sinornithosaurus/sinornithosaurus_1.jpg
http://ichef.bbci.co.uk/naturelibrary/images/ic/640x360/c/cr/crested_penguin/crested_penguin_1.jpg
http://ichef.bbci.co.uk/naturelibrary/images/ic/83x104/c/cr/crested_penguin/crested_penguin_1.jpg
http://ichef.bbci.co.uk/naturelibrary/images/ic/640x360/s/sh/short-tailed_shearwater/short-tailed_shearwater_1.jpg
http://ichef.bbci.co.uk/naturelibrary/images/ic/640x360/t/ta/tarsiidae/tarsiidae_1.jpg
http://ichef.bbci.co.uk/naturelibrary/images/ic/83x104/t/ta/tarsiidae/tarsiidae_1.jpg
http://ichef.bbci.co.uk/naturelibrary/images/ic/640x360/s/se/sea_snake/sea_snake_1.jpg
http://ichef.bbci.co.uk/naturelibrary/images/ic/83x104/s/se/sea_snake/sea_snake_1.jpg
http://ichef.bbci.co.uk/naturelibrary/images/ic/640x360/g/gr/great_bustard/great_bustard_1.jpg
http://ichef.bbci.co.uk/naturelibrary/images/ic/83x104/g/gr/great_bustard/great_bustard_1.jpg
http://ichef.bbci.co.uk/naturelibrary/images/ic/640x360/l/le/lemon_shark/lemon_shark_1.jpg
http://ichef.bbci.co.uk/naturelibrary/images/ic/640x360/h/hy/hyena/hyena_1.jpg
http://ichef.bbci.co.uk/naturelibrary/images/ic/83x104/h/hy/hyena/hyena_1.jpg
http://ichef.bbci.co.uk/naturelibrary/images/ic/640x360/c/co/common_toad/common_toad_1.jpg
http://ichef.bbci.co.uk/naturelibrary/images/ic/640x360/p/pr/primate/primate_1.jpg
http://ichef.bbci.co.uk/naturelibrary/images/ic/83x104/p/pr/primate/primate_1.jpg
http://ichef.bbci.co.uk/naturelibrary/images/ic/640x360/b/bo/boa_constrictor/boa_constrictor_1.jpg
http://ichef.bbci.co.uk/naturelibrary/images/ic/83x104/b/bo/boa_constrictor/boa_constrictor_1.jpg
http://ichef.bbci.co.uk/naturelibrary/images/ic/640x360/a/ar/arctic_skua/arctic_skua_1.jpg
http://ichef.bbci.co.uk/naturelibrary/images/ic/83x104/a/ar/arctic_skua/arctic_skua_1.jpg
http://ichef.bbci.co.uk/naturelibrary/images/ic/640x360/b/bl/black-banded_sea_krait/black-banded_sea_krait_1.jpg
http://ichef.bbci.co.uk/naturelibrary/images/ic/83x104/b/bl/black-banded_sea_krait/black-banded_sea_krait_1.jpg
http://ichef.bbci.co.uk/naturelibrary/images/ic/640x360/n/no/north_american_beaver/north_american_beaver_1.jpg
http://ichef.bbci.co.uk/naturelibrary/images/ic/640x360/s/se/sea_eagle/sea_eagle_1.jpg
http://ichef.bbci.co.uk/naturelibrary/images/ic/83x104/s/se/sea_eagle/sea_eagle_1.jpg
http://ichef.bbci.co.uk/naturelibrary/images/ic/640x360/h/he/herring_gull/herring_gull_1.jpg
http://ichef.bbci.co.uk/naturelibrary/images/ic/83x104/h/he/herring_gull/herring_gull_1.jpg
http://ichef.bbci.co.uk/naturelibrary/images/ic/640x360/h/ha/harrier_bird/harrier_bird_1.jpg
http://ichef.bbci.co.uk/naturelibrary/images/ic/83x104/h/ha/harrier_bird/harrier_bird_1.jpg
http://ichef.bbci.co.uk/naturelibrary/images/ic/640x360/b/br/brown_fur_seal/brown_fur_seal_1.jpg
http://ichef.bbci.co.uk/naturelibrary/images/ic/83x104/b/br/brown_fur_seal/brown_fur_seal_1.jpg
http://ichef.bbci.co.uk/naturelibrary/images/ic/640x360/p/ph/phasmatodea/phasmatodea_1.jpg
http://ichef.bbci.co.uk/naturelibrary/images/ic/640x360/s/st/steller_sea_lion/steller_sea_lion_1.jpg
http://ichef.bbci.co.uk/naturelibrary/images/ic/83x104/s/st/steller_sea_lion/steller_sea_lion_1.jpg
http://ichef.bbci.co.uk/naturelibrary/images/ic/640x360/i/in/indriidae/indriidae_1.jpg
http://ichef.bbci.co.uk/naturelibrary/images/ic/83x104/i/in/indriidae/indriidae_1.jpg
http://ichef.bbci.co.uk/naturelibrary/images/ic/640x360/d/da/dark_green_fritillary/dark_green_fritillary_1.jpg
http://ichef.bbci.co.uk/naturelibrary/images/ic/640x360/b/br/broadleys_flat_lizard/broadleys_flat_lizard_1.jpg
http://ichef.bbci.co.uk/naturelibrary/images/ic/83x104/b/br/broadleys_flat_lizard/broadleys_flat_lizard_1.jpg
http://ichef.bbci.co.uk/naturelibrary/images/ic/640x360/b/bl/black-browed_albatross/black-browed_albatross_1.jpg
http://ichef.bbci.co.uk/naturelibrary/images/ic/83x104/b/bl/black-browed_albatross/black-browed_albatross_1.jpg
http://ichef.bbci.co.uk/naturelibrary/images/ic/640x360/a/an/andean_hillstar/andean_hillstar_1.jpg
http://ichef.bbci.co.uk/naturelibrary/images/ic/83x104/a/an/andean_hillstar/andean_hillstar_1.jpg
http://ichef.bbci.co.uk/naturelibrary/images/ic/640x360/t/th/thick-billed_murre/thick-billed_murre_1.jpg
http://ichef.bbci.co.uk/naturelibrary/images/ic/640x360/d/dy/dytiscidae/dytiscidae_1.jpg
http://ichef.bbci.co.uk/naturelibrary/images/ic/83x104/d/dy/dytiscidae/dytiscidae_1.jpg
http://ichef.bbci.co.uk/naturelibrary/images/ic/640x360/a/an/anostostomatidae/anostostomatidae_1.jpg
http://ichef.bbci.co.uk/naturelibrary/images/ic/83x104/a/an/anostostomatidae/anostostomatidae_1.jpg
http://ichef.bbci.co.uk/naturelibrary/images/ic/640x360/k/ke/kea/kea_1.jpg
http://ichef.bbci.co.uk/naturelibrary/images/ic/83x104/k/ke/kea/kea_1.jpg
http://ichef.bbci.co.uk/naturelibrary/images/ic/640x360/e/ea/eastern_gray_squirrel/eastern_gray_squirrel_1.jpg
http://ichef.bbci.co.uk/naturelibrary/images/ic/640x360/g/gi/giant_tube_worm/giant_tube_worm_1.jpg
http://ichef.bbci.co.uk/naturelibrary/images/ic/83x104/g/gi/giant_tube_worm/giant_tube_worm_1.jpg
http://ichef.bbci.co.uk/naturelibrary/images/ic/640x360/g/gr/grass_snake/grass_snake_1.jpg
http://ichef.bbci.co.uk/naturelibrary/images/ic/640x360/p/pa/pangolin/pangolin_1.jpg
http://ichef.bbci.co.uk/naturelibrary/images/ic/83x104/p/pa/pangolin/pangolin_1.jpg
http://ichef.bbci.co.uk/naturelibrary/images/ic/640x360/t/tr/true_parrots/true_parrots_1.jpg
http://ichef.bbci.co.uk/naturelibrary/images/ic/83x104/t/tr/true_parrots/true_parrots_1.jpg
http://ichef.bbci.co.uk/naturelibrary/images/ic/640x360/g/ga/gastornis/gastornis_1.jpg
http://ichef.bbci.co.uk/naturelibrary/images/ic/83x104/g/ga/gastornis/gastornis_1.jpg
http://ichef.bbci.co.uk/naturelibrary/images/ic/640x360/a/ap/apodiformes/apodiformes_1.jpg
http://ichef.bbci.co.uk/naturelibrary/images/ic/83x104/a/ap/apodiformes/apodiformes_1.jpg
http://ichef.bbci.co.uk/naturelibrary/images/ic/640x360/a/aq/aquatic_locomotion/aquatic_locomotion_1.jpg
http://ichef.bbci.co.uk/naturelibrary/images/ic/83x104/a/aq/aquatic_locomotion/aquatic_locomotion_1.jpg
http://ichef.bbci.co.uk/naturelibrary/images/ic/640x360/m/mo/monocled_cobra/monocled_cobra_1.jpg
http://ichef.bbci.co.uk/naturelibrary/images/ic/83x104/m/mo/monocled_cobra/monocled_cobra_1.jpg
http://ichef.bbci.co.uk/naturelibrary/images/ic/640x360/c/co/common_moorhen/common_moorhen_1.jpg
http://ichef.bbci.co.uk/naturelibrary/images/ic/83x104/c/co/common_moorhen/common_moorhen_1.jpg
http://ichef.bbci.co.uk/naturelibrary/images/ic/640x360/m/mu/muntjac/muntjac_1.jpg
http://ichef.bbci.co.uk/naturelibrary/images/ic/83x104/m/mu/muntjac/muntjac_1.jpg
http://ichef.bbci.co.uk/naturelibrary/images/ic/640x360/a/an/anser_genus/anser_genus_1.jpg
http://ichef.bbci.co.uk/naturelibrary/images/ic/83x104/a/an/anser_genus/anser_genus_1.jpg
http://ichef.bbci.co.uk/naturelibrary/images/ic/640x360/m/mi/milvus/milvus_1.jpg
http://ichef.bbci.co.uk/naturelibrary/images/ic/83x104/m/mi/milvus/milvus_1.jpg
http://ichef.bbci.co.uk/naturelibrary/images/ic/640x360/a/af/african_wild_dog/african_wild_dog_1.jpg
http://ichef.bbci.co.uk/naturelibrary/images/ic/83x104/a/af/african_wild_dog/african_wild_dog_1.jpg
http://ichef.bbci.co.uk/naturelibrary/images/ic/640x360/s/se/sea_star/sea_star_1.jpg
http://ichef.bbci.co.uk/naturelibrary/images/ic/83x104/s/se/sea_star/sea_star_1.jpg
http://ichef.bbci.co.uk/naturelibrary/images/ic/640x360/a/at/atlantic_salmon/atlantic_salmon_1.jpg
http://ichef.bbci.co.uk/naturelibrary/images/ic/83x104/a/at/atlantic_salmon/atlantic_salmon_1.jpg
http://ichef.bbci.co.uk/naturelibrary/images/ic/640x360/e/eu/eurasian_reed_warbler/eurasian_reed_warbler_1.jpg
http://ichef.bbci.co.uk/naturelibrary/images/ic/83x104/e/eu/eurasian_reed_warbler/eurasian_reed_warbler_1.jpg
http://ichef.bbci.co.uk/naturelibrary/images/ic/640x360/g/gr/grasshopper_warbler/grasshopper_warbler_1.jpg
http://ichef.bbci.co.uk/naturelibrary/images/ic/640x360/r/re/recurvirostridae/recurvirostridae_1.jpg
http://ichef.bbci.co.uk/naturelibrary/images/ic/83x104/r/re/recurvirostridae/recurvirostridae_1.jpg
http://ichef.bbci.co.uk/naturelibrary/images/ic/640x360/v/ve/vernal_pool/vernal_pool_1.jpg
http://ichef.bbci.co.uk/naturelibrary/images/ic/83x104/v/ve/vernal_pool/vernal_pool_1.jpg
http://ichef.bbci.co.uk/naturelibrary/images/ic/640x360/l/li/little_corella/little_corella_1.jpg
http://ichef.bbci.co.uk/naturelibrary/images/ic/83x104/l/li/little_corella/little_corella_1.jpg
http://ichef.bbci.co.uk/naturelibrary/images/ic/640x360/b/be/bearded_vulture/bearded_vulture_1.jpg
http://ichef.bbci.co.uk/naturelibrary/images/ic/83x104/b/be/bearded_vulture/bearded_vulture_1.jpg
http://ichef.bbci.co.uk/naturelibrary/images/ic/640x360/e/eu/eurasian_siskin/eurasian_siskin_1.jpg
http://ichef.bbci.co.uk/naturelibrary/images/ic/640x360/a/am/ambush_predator/ambush_predator_1.jpg
http://ichef.bbci.co.uk/naturelibrary/images/ic/83x104/a/am/ambush_predator/ambush_predator_1.jpg
http://ichef.bbci.co.uk/naturelibrary/images/ic/640x360/b/br/brachiopod/brachiopod_1.jpg
http://ichef.bbci.co.uk/naturelibrary/images/ic/83x104/b/br/brachiopod/brachiopod_1.jpg
http://ichef.bbci.co.uk/naturelibrary/images/ic/640x360/m/mo/motacillidae/motacillidae_1.jpg
http://ichef.bbci.co.uk/naturelibrary/images/ic/83x104/m/mo/motacillidae/motacillidae_1.jpg
http://ichef.bbci.co.uk/naturelibrary/images/ic/640x360/v/va/varanidae/varanidae_1.jpg
http://ichef.bbci.co.uk/naturelibrary/images/ic/83x104/v/va/varanidae/varanidae_1.jpg
http://ichef.bbci.co.uk/naturelibrary/images/ic/640x360/c/co/cooperative_breeding/cooperative_breeding_1.jpg
http://ichef.bbci.co.uk/naturelibrary/images/ic/83x104/c/co/cooperative_breeding/cooperative_breeding_1.jpg
http://ichef.bbci.co.uk/naturelibrary/images/ic/640x360/c/ch/chaffinch/chaffinch_1.jpg
http://ichef.bbci.co.uk/naturelibrary/images/ic/640x360/h/ha/harbor_seal/harbor_seal_1.jpg
http://ichef.bbci.co.uk/naturelibrary/images/ic/83x104/h/ha/harbor_seal/harbor_seal_1.jpg
http://ichef.bbci.co.uk/naturelibrary/images/ic/640x360/m/mo/monarch_butterfly/monarch_butterfly_1.jpg
http://ichef.bbci.co.uk/naturelibrary/images/ic/83x104/m/mo/monarch_butterfly/monarch_butterfly_1.jpg
http://ichef.bbci.co.uk/naturelibrary/images/ic/640x360/h/ha/hatzegopteryx/hatzegopteryx_1.jpg
http://ichef.bbci.co.uk/naturelibrary/images/ic/640x360/c/ca/capreolus/capreolus_1.jpg
http://ichef.bbci.co.uk/naturelibrary/images/ic/83x104/c/ca/capreolus/capreolus_1.jpg
http://ichef.bbci.co.uk/naturelibrary/images/ic/640x360/g/gi/gibbon/gibbon_1.jpg
http://ichef.bbci.co.uk/naturelibrary/images/ic/83x104/g/gi/gibbon/gibbon_1.jpg
http://ichef.bbci.co.uk/naturelibrary/images/ic/640x360/e/eu/eupleridae/eupleridae_1.jpg
http://ichef.bbci.co.uk/naturelibrary/images/ic/83x104/e/eu/eupleridae/eupleridae_1.jpg
http://ichef.bbci.co.uk/naturelibrary/images/ic/640x360/s/so/southern_carmine_bee-eater/southern_carmine_bee-eater_1.jpg
http://ichef.bbci.co.uk/naturelibrary/images/ic/83x104/s/so/southern_carmine_bee-eater/southern_carmine_bee-eater_1.jpg
http://ichef.bbci.co.uk/naturelibrary/images/ic/640x360/c/ch/chromista/chromista_1.jpg
http://ichef.bbci.co.uk/naturelibrary/images/ic/83x104/c/ch/chromista/chromista_1.jpg
http://ichef.bbci.co.uk/naturelibrary/images/ic/640x360/s/st/stegosaurus/stegosaurus_1.jpg
http://ichef.bbci.co.uk/naturelibrary/images/ic/83x104/s/st/stegosaurus/stegosaurus_1.jpg
http://ichef.bbci.co.uk/naturelibrary/images/ic/640x360/p/pa/panthera/panthera_1.jpg
http://ichef.bbci.co.uk/naturelibrary/images/ic/640x360/r/rh/rhabdodontidae/rhabdodontidae_1.jpg
http://ichef.bbci.co.uk/naturelibrary/images/ic/83x104/r/rh/rhabdodontidae/rhabdodontidae_1.jpg
http://ichef.bbci.co.uk/naturelibrary/images/ic/640x360/b/ba/barn_swallow/barn_swallow_1.jpg
http://ichef.bbci.co.uk/naturelibrary/images/ic/640x360/p/po/polygynandry/polygynandry_1.jpg
http://ichef.bbci.co.uk/naturelibrary/images/ic/83x104/p/po/polygynandry/polygynandry_1.jpg
http://ichef.bbci.co.uk/naturelibrary/images/ic/640x360/b/bo/bothriechis_schlegelii/bothriechis_schlegelii_1.jpg
http://ichef.bbci.co.uk/naturelibrary/images/ic/83x104/b/bo/bothriechis_schlegelii/bothriechis_schlegelii_1.jpg
http://ichef.bbci.co.uk/naturelibrary/images/ic/640x360/p/pe/pelagic/pelagic_1.jpg
http://ichef.bbci.co.uk/naturelibrary/images/ic/83x104/p/pe/pelagic/pelagic_1.jpg
http://ichef.bbci.co.uk/naturelibrary/images/ic/640x360/a/am/american_crocodile/american_crocodile_1.jpg
http://ichef.bbci.co.uk/naturelibrary/images/ic/83x104/a/am/american_crocodile/american_crocodile_1.jpg
http://ichef.bbci.co.uk/naturelibrary/images/ic/640x360/w/wo/wood_warbler/wood_warbler_1.jpg
http://ichef.bbci.co.uk/naturelibrary/images/ic/640x360/s/se/sedge_warbler/sedge_warbler_1.jpg
http://ichef.bbci.co.uk/naturelibrary/images/ic/83x104/s/se/sedge_warbler/sedge_warbler_1.jpg
http://ichef.bbci.co.uk/naturelibrary/images/ic/640x360/n/no/northern_lapwing/northern_lapwing_1.jpg
http://ichef.bbci.co.uk/naturelibrary/images/ic/640x360/e/eu/european_garden_spider/european_garden_spider_1.jpg
http://ichef.bbci.co.uk/naturelibrary/images/ic/640x360/t/th/thorny_devil/thorny_devil_1.jpg
http://ichef.bbci.co.uk/naturelibrary/images/ic/83x104/t/th/thorny_devil/thorny_devil_1.jpg
http://ichef.bbci.co.uk/naturelibrary/images/ic/640x360/s/so/south_american_sea_lion/south_american_sea_lion_1.jpg
http://ichef.bbci.co.uk/naturelibrary/images/ic/640x360/m/ma/magicicada/magicicada_1.jpg
http://ichef.bbci.co.uk/naturelibrary/images/ic/83x104/m/ma/magicicada/magicicada_1.jpg
http://ichef.bbci.co.uk/naturelibrary/images/ic/640x360/c/ce/cephalaspidomorphi/cephalaspidomorphi_1.jpg
http://ichef.bbci.co.uk/naturelibrary/images/ic/83x104/c/ce/cephalaspidomorphi/cephalaspidomorphi_1.jpg
http://ichef.bbci.co.uk/naturelibrary/images/ic/640x360/m/ma/mangrove/mangrove_1.jpg
http://ichef.bbci.co.uk/naturelibrary/images/ic/83x104/m/ma/mangrove/mangrove_1.jpg
http://ichef.bbci.co.uk/naturelibrary/images/ic/640x360/g/gr/great_white_shark/great_white_shark_1.jpg
http://ichef.bbci.co.uk/naturelibrary/images/ic/640x360/c/co/cordylidae/cordylidae_1.jpg
http://ichef.bbci.co.uk/naturelibrary/images/ic/83x104/c/co/cordylidae/cordylidae_1.jpg
http://ichef.bbci.co.uk/naturelibrary/images/ic/640x360/k/ki/king_penguin/king_penguin_1.jpg
http://ichef.bbci.co.uk/naturelibrary/images/ic/83x104/k/ki/king_penguin/king_penguin_1.jpg
http://ichef.bbci.co.uk/naturelibrary/images/ic/640x360/o/od/odonata/odonata_1.jpg
http://ichef.bbci.co.uk/naturelibrary/images/ic/640x360/c/ca/camouflage/camouflage_1.jpg
http://ichef.bbci.co.uk/naturelibrary/images/ic/83x104/c/ca/camouflage/camouflage_1.jpg
http://ichef.bbci.co.uk/naturelibrary/images/ic/640x360/h/ho/horseshoe_bat/horseshoe_bat_1.jpg
http://ichef.bbci.co.uk/naturelibrary/images/ic/640x360/f/fo/forcipulatida/forcipulatida_1.jpg
http://ichef.bbci.co.uk/naturelibrary/images/ic/83x104/f/fo/forcipulatida/forcipulatida_1.jpg
http://ichef.bbci.co.uk/naturelibrary/images/ic/640x360/e/eu/eurasian_eagle-owl/eurasian_eagle-owl_1.jpg
http://ichef.bbci.co.uk/naturelibrary/images/ic/83x104/e/eu/eurasian_eagle-owl/eurasian_eagle-owl_1.jpg
http://ichef.bbci.co.uk/naturelibrary/images/ic/640x360/f/fa/falconidae/falconidae_1.jpg
http://ichef.bbci.co.uk/naturelibrary/images/ic/83x104/f/fa/falconidae/falconidae_1.jpg
http://ichef.bbci.co.uk/naturelibrary/images/ic/640x360/g/gr/greater_bulldog_bat/greater_bulldog_bat_1.jpg
http://ichef.bbci.co.uk/naturelibrary/images/ic/83x104/g/gr/greater_bulldog_bat/greater_bulldog_bat_1.jpg
http://ichef.bbci.co.uk/naturelibrary/images/ic/640x360/m/ma/mastodon/mastodon_1.jpg
http://ichef.bbci.co.uk/naturelibrary/images/ic/83x104/m/ma/mastodon/mastodon_1.jpg
http://ichef.bbci.co.uk/naturelibrary/images/ic/640x360/d/da/dall_sheep/dall_sheep_1.jpg
http://ichef.bbci.co.uk/naturelibrary/images/ic/83x104/d/da/dall_sheep/dall_sheep_1.jpg
