http://ichef.bbci.co.uk/naturelibrary/images/ic/640x360/a/ac/acrocephalidae/acrocephalidae_1.jpg
http://ichef.bbci.co.uk/naturelibrary/images/ic/83x104/a/ac/acrocephalidae/acrocephalidae_1.jpg
http://ichef.bbci.co.uk/naturelibrary/images/ic/640x360/c/ce/ceratopsidae/ceratopsidae_1.jpg
http://ichef.bbci.co.uk/naturelibrary/images/ic/83x104/c/ce/ceratopsidae/ceratopsidae_1.jpg
http://ichef.bbci.co.uk/naturelibrary/images/ic/640x360/t/tr/true_thrush/true_thrush_1.jpg
http://ichef.bbci.co.uk/naturelibrary/images/ic/83x104/t/tr/true_thrush/true_thrush_1.jpg
http://ichef.bbci.co.uk/naturelibrary/images/ic/640x360/s/sy/synapsid/synapsid_1.jpg
http://ichef.bbci.co.uk/naturelibrary/images/ic/83x104/s/sy/synapsid/synapsid_1.jpg
http://ichef.bbci.co.uk/naturelibrary/images/ic/640x360/f/fl/fly/fly_1.jpg
http://ichef.bbci.co.uk/naturelibrary/images/ic/83x104/f/fl/fly/fly_1.jpg
http://ichef.bbci.co.uk/naturelibrary/images/ic/640x360/c/co/coprophagia/coprophagia_1.jpg
http://ichef.bbci.co.uk/naturelibrary/images/ic/83x104/c/co/coprophagia/coprophagia_1.jpg
http://ichef.bbci.co.uk/naturelibrary/images/ic/640x360/c/ca/cape_dwarf_chameleon/cape_dwarf_chameleon_1.jpg
http://ichef.bbci.co.uk/naturelibrary/images/ic/83x104/c/ca/cape_dwarf_chameleon/cape_dwarf_chameleon_1.jpg
http://ichef.bbci.co.uk/naturelibrary/images/ic/640x360/v/ve/vespidae/vespidae_1.jpg
http://ichef.bbci.co.uk/naturelibrary/images/ic/83x104/v/ve/vespidae/vespidae_1.jpg
http://ichef.bbci.co.uk/naturelibrary/images/ic/640x360/t/tr/tropical_and_subtropical_moist_broadleaf_forests/tropical_and_subtropical_moist_broadleaf_forests_1.jpg
http://ichef.bbci.co.uk/naturelibrary/images/ic/83x104/t/tr/tropical_and_subtropical_moist_broadleaf_forests/tropical_and_subtropical_moist_broadleaf_forests_1.jpg
http://ichef.bbci.co.uk/naturelibrary/images/ic/640x360/w/we/western_marsh_harrier/western_marsh_harrier_1.jpg
http://ichef.bbci.co.uk/naturelibrary/images/ic/83x104/w/we/western_marsh_harrier/western_marsh_harrier_1.jpg
http://ichef.bbci.co.uk/naturelibrary/images/ic/640x360/b/ba/banded_penguin/banded_penguin_1.jpg
http://ichef.bbci.co.uk/naturelibrary/images/ic/83x104/b/ba/banded_penguin/banded_penguin_1.jpg
http://ichef.bbci.co.uk/naturelibrary/images/ic/640x360/a/ac/acrididae/acrididae_1.jpg
http://ichef.bbci.co.uk/naturelibrary/images/ic/83x104/a/ac/acrididae/acrididae_1.jpg
http://ichef.bbci.co.uk/naturelibrary/images/ic/640x360/n/no/nomad/nomad_1.jpg
http://ichef.bbci.co.uk/naturelibrary/images/ic/83x104/n/no/nomad/nomad_1.jpg
http://ichef.bbci.co.uk/naturelibrary/images/ic/640x360/e/ep/eptesicus/eptesicus_1.jpg
http://ichef.bbci.co.uk/naturelibrary/images/ic/83x104/e/ep/eptesicus/eptesicus_1.jpg
http://ichef.bbci.co.uk/naturelibrary/images/ic/640x360/h/ho/house_sparrow/house_sparrow_1.jpg
http://ichef.bbci.co.uk/naturelibrary/images/ic/640x360/c/ch/chen_genus/chen_genus_1.jpg
http://ichef.bbci.co.uk/naturelibrary/images/ic/83x104/c/ch/chen_genus/chen_genus_1.jpg
http://ichef.bbci.co.uk/naturelibrary/images/ic/640x360/s/st/storm-petrel/storm-petrel_1.jpg
http://ichef.bbci.co.uk/naturelibrary/images/ic/83x104/s/st/storm-petrel/storm-petrel_1.jpg
http://ichef.bbci.co.uk/naturelibrary/images/ic/640x360/i/in/indian_peafowl/indian_peafowl_1.jpg
http://ichef.bbci.co.uk/naturelibrary/images/ic/640x360/c/co/coccinella_septempunctata/coccinella_septempunctata_1.jpg
http://ichef.bbci.co.uk/naturelibrary/images/ic/640x360/h/he/hen_harrier/hen_harrier_1.jpg
http://ichef.bbci.co.uk/naturelibrary/images/ic/83x104/h/he/hen_harrier/hen_harrier_1.jpg
http://ichef.bbci.co.uk/naturelibrary/images/ic/640x360/d/di/diplodocus/diplodocus_1.jpg
http://ichef.bbci.co.uk/naturelibrary/images/ic/83x104/d/di/diplodocus/diplodocus_1.jpg
http://ichef.bbci.co.uk/naturelibrary/images/ic/640x360/o/ol/old_world_monkey/old_world_monkey_1.jpg
http://ichef.bbci.co.uk/naturelibrary/images/ic/83x104/o/ol/old_world_monkey/old_world_monkey_1.jpg
http://ichef.bbci.co.uk/naturelibrary/images/ic/640x360/n/ne/new_zealand_parrot/new_zealand_parrot_1.jpg
http://ichef.bbci.co.uk/naturelibrary/images/ic/83x104/n/ne/new_zealand_parrot/new_zealand_parrot_1.jpg
http://ichef.bbci.co.uk/naturelibrary/images/ic/640x360/e/eu/eurasian_jay/eurasian_jay_1.jpg
http://ichef.bbci.co.uk/naturelibrary/images/ic/640x360/e/eu/european_badger/european_badger_1.jpg
http://ichef.bbci.co.uk/naturelibrary/images/ic/640x360/r/re/red-billed_tropicbird/red-billed_tropicbird_1.jpg
http://ichef.bbci.co.uk/naturelibrary/images/ic/83x104/r/re/red-billed_tropicbird/red-billed_tropicbird_1.jpg
http://ichef.bbci.co.uk/naturelibrary/images/ic/640x360/r/ro/rook_bird/rook_bird_1.jpg
http://ichef.bbci.co.uk/naturelibrary/images/ic/640x360/t/te/tern/tern_1.jpg
http://ichef.bbci.co.uk/naturelibrary/images/ic/83x104/t/te/tern/tern_1.jpg
http://ichef.bbci.co.uk/naturelibrary/images/ic/640x360/g/go/golden_eagle/golden_eagle_1.jpg
http://ichef.bbci.co.uk/naturelibrary/images/ic/640x360/c/co/coraciiformes/coraciiformes_1.jpg
http://ichef.bbci.co.uk/naturelibrary/images/ic/83x104/c/co/coraciiformes/coraciiformes_1.jpg
http://ichef.bbci.co.uk/naturelibrary/images/ic/640x360/u/ur/urban_ecosystem/urban_ecosystem_1.jpg
http://ichef.bbci.co.uk/naturelibrary/images/ic/640x360/c/co/common_redstart/common_redstart_1.jpg
http://ichef.bbci.co.uk/naturelibrary/images/ic/640x360/c/cr/crocodilia/crocodilia_1.jpg
http://ichef.bbci.co.uk/naturelibrary/images/ic/83x104/c/cr/crocodilia/crocodilia_1.jpg
http://ichef.bbci.co.uk/naturelibrary/images/ic/640x360/t/te/termite/termite_1.jpg
http://ichef.bbci.co.uk/naturelibrary/images/ic/83x104/t/te/termite/termite_1.jpg
http://ichef.bbci.co.uk/naturelibrary/images/ic/640x360/d/de/deserts_and_xeric_shrublands/deserts_and_xeric_shrublands_1.jpg
http://ichef.bbci.co.uk/naturelibrary/images/ic/83x104/d/de/deserts_and_xeric_shrublands/deserts_and_xeric_shrublands_1.jpg
http://ichef.bbci.co.uk/naturelibrary/images/ic/640x360/a/ar/arboreal_locomotion/arboreal_locomotion_1.jpg
http://ichef.bbci.co.uk/naturelibrary/images/ic/83x104/a/ar/arboreal_locomotion/arboreal_locomotion_1.jpg
http://ichef.bbci.co.uk/naturelibrary/images/ic/640x360/t/ti/tisza_mayfly/tisza_mayfly_1.jpg
http://ichef.bbci.co.uk/naturelibrary/images/ic/83x104/t/ti/tisza_mayfly/tisza_mayfly_1.jpg
http://ichef.bbci.co.uk/naturelibrary/images/ic/640x360/g/gr/great_grey_owl/great_grey_owl_1.jpg
http://ichef.bbci.co.uk/naturelibrary/images/ic/640x360/p/pt/pteropus/pteropus_1.jpg
http://ichef.bbci.co.uk/naturelibrary/images/ic/83x104/p/pt/pteropus/pteropus_1.jpg
http://ichef.bbci.co.uk/naturelibrary/images/ic/640x360/o/ow/owl/owl_1.jpg
http://ichef.bbci.co.uk/naturelibrary/images/ic/640x360/l/le/least_weasel/least_weasel_1.jpg
http://ichef.bbci.co.uk/naturelibrary/images/ic/83x104/l/le/least_weasel/least_weasel_1.jpg
http://ichef.bbci.co.uk/naturelibrary/images/ic/640x360/p/pe/penguin/penguin_1.jpg
http://ichef.bbci.co.uk/naturelibrary/images/ic/640x360/l/la/lark/lark_1.jpg
http://ichef.bbci.co.uk/naturelibrary/images/ic/83x104/l/la/lark/lark_1.jpg
http://ichef.bbci.co.uk/naturelibrary/images/ic/640x360/c/co/corvus_genus/corvus_genus_1.jpg
http://ichef.bbci.co.uk/naturelibrary/images/ic/83x104/c/co/corvus_genus/corvus_genus_1.jpg
http://ichef.bbci.co.uk/naturelibrary/images/ic/640x360/f/fl/flight/flight_1.jpg
http://ichef.bbci.co.uk/naturelibrary/images/ic/640x360/n/ni/nile_crocodile/nile_crocodile_1.jpg
http://ichef.bbci.co.uk/naturelibrary/images/ic/83x104/n/ni/nile_crocodile/nile_crocodile_1.jpg
http://ichef.bbci.co.uk/naturelibrary/images/ic/640x360/l/li/lion/lion_1.jpg
http://ichef.bbci.co.uk/naturelibrary/images/ic/640x360/a/ar/archaeopteryx/archaeopteryx_1.jpg
http://ichef.bbci.co.uk/naturelibrary/images/ic/83x104/a/ar/archaeopteryx/archaeopteryx_1.jpg
http://ichef.bbci.co.uk/naturelibrary/images/ic/640x360/c/co/coronella_austriaca/coronella_austriaca_1.jpg
http://ichef.bbci.co.uk/naturelibrary/images/ic/640x360/t/th/thermophis_baileyi/thermophis_baileyi_1.jpg
http://ichef.bbci.co.uk/naturelibrary/images/ic/83x104/t/th/thermophis_baileyi/thermophis_baileyi_1.jpg
http://ichef.bbci.co.uk/naturelibrary/images/ic/640x360/r/re/regulidae/regulidae_1.jpg
http://ichef.bbci.co.uk/naturelibrary/images/ic/83x104/r/re/regulidae/regulidae_1.jpg
http://ichef.bbci.co.uk/naturelibrary/images/ic/640x360/t/tr/troglodytidae/troglodytidae_1.jpg
http://ichef.bbci.co.uk/naturelibrary/images/ic/83x104/t/tr/troglodytidae/troglodytidae_1.jpg
http://ichef.bbci.co.uk/naturelibrary/images/ic/640x360/l/la/laticauda/laticauda_1.jpg
http://ichef.bbci.co.uk/naturelibrary/images/ic/83x104/l/la/laticauda/laticauda_1.jpg
http://ichef.bbci.co.uk/naturelibrary/images/ic/640x360/g/gr/grass_snake/grass_snake_1.jpg
http://ichef.bbci.co.uk/naturelibrary/images/ic/640x360/a/al/allomothering/allomothering_1.jpg
http://ichef.bbci.co.uk/naturelibrary/images/ic/83x104/a/al/allomothering/allomothering_1.jpg
http://ichef.bbci.co.uk/naturelibrary/images/ic/640x360/o/ol/olive_ridley/olive_ridley_1.jpg
http://ichef.bbci.co.uk/naturelibrary/images/ic/83x104/o/ol/olive_ridley/olive_ridley_1.jpg
http://ichef.bbci.co.uk/naturelibrary/images/ic/640x360/p/py/pygoscelis/pygoscelis_1.jpg
http://ichef.bbci.co.uk/naturelibrary/images/ic/83x104/p/py/pygoscelis/pygoscelis_1.jpg
http://ichef.bbci.co.uk/naturelibrary/images/ic/640x360/e/eu/european_goldfinch/european_goldfinch_1.jpg
http://ichef.bbci.co.uk/naturelibrary/images/ic/640x360/p/ph/phallus_indusiatus/phallus_indusiatus_1.jpg
http://ichef.bbci.co.uk/naturelibrary/images/ic/83x104/p/ph/phallus_indusiatus/phallus_indusiatus_1.jpg
http://ichef.bbci.co.uk/naturelibrary/images/ic/640x360/e/eu/european_otter/european_otter_1.jpg
http://ichef.bbci.co.uk/naturelibrary/images/ic/83x104/e/eu/european_otter/european_otter_1.jpg
http://ichef.bbci.co.uk/naturelibrary/images/ic/640x360/g/ga/gatekeeper_butterfly/gatekeeper_butterfly_1.jpg
http://ichef.bbci.co.uk/naturelibrary/images/ic/640x360/e/eu/eunectes_notaeus/eunectes_notaeus_1.jpg
http://ichef.bbci.co.uk/naturelibrary/images/ic/83x104/e/eu/eunectes_notaeus/eunectes_notaeus_1.jpg
http://ichef.bbci.co.uk/naturelibrary/images/ic/640x360/m/ma/marbled_white/marbled_white_1.jpg
http://ichef.bbci.co.uk/naturelibrary/images/ic/640x360/f/fo/formica/formica_1.jpg
http://ichef.bbci.co.uk/naturelibrary/images/ic/83x104/f/fo/formica/formica_1.jpg
http://ichef.bbci.co.uk/naturelibrary/images/ic/640x360/i/in/insect/insect_1.jpg
http://ichef.bbci.co.uk/naturelibrary/images/ic/83x104/i/in/insect/insect_1.jpg
http://ichef.bbci.co.uk/naturelibrary/images/ic/640x360/b/bl/black-necked_grebe/black-necked_grebe_1.jpg
http://ichef.bbci.co.uk/naturelibrary/images/ic/83x104/b/bl/black-necked_grebe/black-necked_grebe_1.jpg
http://ichef.bbci.co.uk/naturelibrary/images/ic/640x360/v/vi/vivipary/vivipary_1.jpg
http://ichef.bbci.co.uk/naturelibrary/images/ic/83x104/v/vi/vivipary/vivipary_1.jpg
http://ichef.bbci.co.uk/naturelibrary/images/ic/640x360/s/se/sea_star/sea_star_1.jpg
http://ichef.bbci.co.uk/naturelibrary/images/ic/83x104/s/se/sea_star/sea_star_1.jpg
http://ichef.bbci.co.uk/naturelibrary/images/ic/640x360/a/au/aurelia_aurita/aurelia_aurita_1.jpg
http://ichef.bbci.co.uk/naturelibrary/images/ic/640x360/c/co/coyote/coyote_1.jpg
http://ichef.bbci.co.uk/naturelibrary/images/ic/640x360/a/an/anguis_fragilis/anguis_fragilis_1.jpg
http://ichef.bbci.co.uk/naturelibrary/images/ic/640x360/c/co/common_blossom_bat/common_blossom_bat_1.jpg
http://ichef.bbci.co.uk/naturelibrary/images/ic/83x104/c/co/common_blossom_bat/common_blossom_bat_1.jpg
http://ichef.bbci.co.uk/naturelibrary/images/ic/640x360/s/st/straw-coloured_fruit_bat/straw-coloured_fruit_bat_1.jpg
http://ichef.bbci.co.uk/naturelibrary/images/ic/83x104/s/st/straw-coloured_fruit_bat/straw-coloured_fruit_bat_1.jpg
http://ichef.bbci.co.uk/naturelibrary/images/ic/640x360/c/ca/carnivora/carnivora_1.jpg
http://ichef.bbci.co.uk/naturelibrary/images/ic/83x104/c/ca/carnivora/carnivora_1.jpg
http://ichef.bbci.co.uk/naturelibrary/images/ic/640x360/m/me/mediterranean_forests_woodlands_and_scrub/mediterranean_forests_woodlands_and_scrub_1.jpg
http://ichef.bbci.co.uk/naturelibrary/images/ic/83x104/m/me/mediterranean_forests_woodlands_and_scrub/mediterranean_forests_woodlands_and_scrub_1.jpg
http://ichef.bbci.co.uk/naturelibrary/images/ic/640x360/o/or/orangutan/orangutan_1.jpg
http://ichef.bbci.co.uk/naturelibrary/images/ic/640x360/a/am/american_black_vulture/american_black_vulture_1.jpg
http://ichef.bbci.co.uk/naturelibrary/images/ic/83x104/a/am/american_black_vulture/american_black_vulture_1.jpg
http://ichef.bbci.co.uk/naturelibrary/images/ic/640x360/b/be/bearded_vulture/bearded_vulture_1.jpg
http://ichef.bbci.co.uk/naturelibrary/images/ic/83x104/b/be/bearded_vulture/bearded_vulture_1.jpg
http://ichef.bbci.co.uk/naturelibrary/images/ic/640x360/e/eu/eurasian_coot/eurasian_coot_1.jpg
http://ichef.bbci.co.uk/naturelibrary/images/ic/83x104/e/eu/eurasian_coot/eurasian_coot_1.jpg
http://ichef.bbci.co.uk/naturelibrary/images/ic/640x360/m/mo/mollusca/mollusca_1.jpg
http://ichef.bbci.co.uk/naturelibrary/images/ic/83x104/m/mo/mollusca/mollusca_1.jpg
http://ichef.bbci.co.uk/naturelibrary/images/ic/640x360/p/pr/proboscidea/proboscidea_1.jpg
http://ichef.bbci.co.uk/naturelibrary/images/ic/83x104/p/pr/proboscidea/proboscidea_1.jpg
http://ichef.bbci.co.uk/naturelibrary/images/ic/640x360/p/po/polymorphism_biology/polymorphism_biology_1.jpg
http://ichef.bbci.co.uk/naturelibrary/images/ic/83x104/p/po/polymorphism_biology/polymorphism_biology_1.jpg
http://ichef.bbci.co.uk/naturelibrary/images/ic/640x360/t/tr/tropical_and_subtropical_coniferous_forests/tropical_and_subtropical_coniferous_forests_1.jpg
http://ichef.bbci.co.uk/naturelibrary/images/ic/83x104/t/tr/tropical_and_subtropical_coniferous_forests/tropical_and_subtropical_coniferous_forests_1.jpg
http://ichef.bbci.co.uk/naturelibrary/images/ic/640x360/h/ha/haematopus/haematopus_1.jpg
http://ichef.bbci.co.uk/naturelibrary/images/ic/83x104/h/ha/haematopus/haematopus_1.jpg
http://ichef.bbci.co.uk/naturelibrary/images/ic/640x360/w/wi/wild_turkey/wild_turkey_1.jpg
http://ichef.bbci.co.uk/naturelibrary/images/ic/640x360/p/po/postosuchus/postosuchus_1.jpg
http://ichef.bbci.co.uk/naturelibrary/images/ic/83x104/p/po/postosuchus/postosuchus_1.jpg
http://ichef.bbci.co.uk/naturelibrary/images/ic/640x360/g/gu/gull/gull_1.jpg
http://ichef.bbci.co.uk/naturelibrary/images/ic/83x104/g/gu/gull/gull_1.jpg
http://ichef.bbci.co.uk/naturelibrary/images/ic/640x360/n/ne/nephrurus/nephrurus_1.jpg
http://ichef.bbci.co.uk/naturelibrary/images/ic/83x104/n/ne/nephrurus/nephrurus_1.jpg
http://ichef.bbci.co.uk/naturelibrary/images/ic/640x360/b/br/brackish/brackish_1.jpg
http://ichef.bbci.co.uk/naturelibrary/images/ic/83x104/b/br/brackish/brackish_1.jpg
http://ichef.bbci.co.uk/naturelibrary/images/ic/640x360/s/st/stinging_nettle/stinging_nettle_1.jpg
http://ichef.bbci.co.uk/naturelibrary/images/ic/83x104/s/st/stinging_nettle/stinging_nettle_1.jpg
http://ichef.bbci.co.uk/naturelibrary/images/ic/640x360/b/bo/bovid/bovid_1.jpg
http://ichef.bbci.co.uk/naturelibrary/images/ic/83x104/b/bo/bovid/bovid_1.jpg
http://ichef.bbci.co.uk/naturelibrary/images/ic/640x360/t/ti/tiger/tiger_1.jpg
http://ichef.bbci.co.uk/naturelibrary/images/ic/640x360/l/le/leaf-nosed_bat/leaf-nosed_bat_1.jpg
http://ichef.bbci.co.uk/naturelibrary/images/ic/83x104/l/le/leaf-nosed_bat/leaf-nosed_bat_1.jpg
http://ichef.bbci.co.uk/naturelibrary/images/ic/640x360/c/ca/carnivore/carnivore_1.jpg
http://ichef.bbci.co.uk/naturelibrary/images/ic/83x104/c/ca/carnivore/carnivore_1.jpg
http://ichef.bbci.co.uk/naturelibrary/images/ic/640x360/h/ha/harmonia_axyridis/harmonia_axyridis_1.jpg
http://ichef.bbci.co.uk/naturelibrary/images/ic/83x104/h/ha/harmonia_axyridis/harmonia_axyridis_1.jpg
http://ichef.bbci.co.uk/naturelibrary/images/ic/640x360/p/ps/pseudorhyncocyonidae/pseudorhyncocyonidae_1.jpg
http://ichef.bbci.co.uk/naturelibrary/images/ic/83x104/p/ps/pseudorhyncocyonidae/pseudorhyncocyonidae_1.jpg
http://ichef.bbci.co.uk/naturelibrary/images/ic/640x360/c/ch/chondrichthyes/chondrichthyes_1.jpg
http://ichef.bbci.co.uk/naturelibrary/images/ic/83x104/c/ch/chondrichthyes/chondrichthyes_1.jpg
http://ichef.bbci.co.uk/naturelibrary/images/ic/640x360/h/hy/hydrothermal_vent/hydrothermal_vent_1.jpg
http://ichef.bbci.co.uk/naturelibrary/images/ic/83x104/h/hy/hydrothermal_vent/hydrothermal_vent_1.jpg
http://ichef.bbci.co.uk/naturelibrary/images/ic/640x360/r/ra/ratite/ratite_1.jpg
http://ichef.bbci.co.uk/naturelibrary/images/ic/83x104/r/ra/ratite/ratite_1.jpg
http://ichef.bbci.co.uk/naturelibrary/images/ic/640x360/h/ho/hominidae/hominidae_1.jpg
http://ichef.bbci.co.uk/naturelibrary/images/ic/83x104/h/ho/hominidae/hominidae_1.jpg
http://ichef.bbci.co.uk/naturelibrary/images/ic/640x360/i/ig/iguanodon/iguanodon_1.jpg
http://ichef.bbci.co.uk/naturelibrary/images/ic/83x104/i/ig/iguanodon/iguanodon_1.jpg
http://ichef.bbci.co.uk/naturelibrary/images/ic/640x360/s/st/streptopelia/streptopelia_1.jpg
http://ichef.bbci.co.uk/naturelibrary/images/ic/83x104/s/st/streptopelia/streptopelia_1.jpg
http://ichef.bbci.co.uk/naturelibrary/images/ic/640x360/c/co/common_swift/common_swift_1.jpg
http://ichef.bbci.co.uk/naturelibrary/images/ic/640x360/w/wh/whooper_swan/whooper_swan_1.jpg
http://ichef.bbci.co.uk/naturelibrary/images/ic/83x104/w/wh/whooper_swan/whooper_swan_1.jpg
http://ichef.bbci.co.uk/naturelibrary/images/ic/640x360/k/ka/kagu/kagu_1.jpg
http://ichef.bbci.co.uk/naturelibrary/images/ic/640x360/d/di/diplodocid/diplodocid_1.jpg
http://ichef.bbci.co.uk/naturelibrary/images/ic/83x104/d/di/diplodocid/diplodocid_1.jpg
http://ichef.bbci.co.uk/naturelibrary/images/ic/640x360/m/ma/malleefowl/malleefowl_1.jpg
http://ichef.bbci.co.uk/naturelibrary/images/ic/83x104/m/ma/malleefowl/malleefowl_1.jpg
http://ichef.bbci.co.uk/naturelibrary/images/ic/640x360/s/so/south_american_coati/south_american_coati_1.jpg
http://ichef.bbci.co.uk/naturelibrary/images/ic/83x104/s/so/south_american_coati/south_american_coati_1.jpg
http://ichef.bbci.co.uk/naturelibrary/images/ic/640x360/a/am/american_bison/american_bison_1.jpg
http://ichef.bbci.co.uk/naturelibrary/images/ic/640x360/h/hy/hylobates/hylobates_1.jpg
http://ichef.bbci.co.uk/naturelibrary/images/ic/83x104/h/hy/hylobates/hylobates_1.jpg
http://ichef.bbci.co.uk/naturelibrary/images/ic/640x360/b/be/bearded_reedling/bearded_reedling_1.jpg
http://ichef.bbci.co.uk/naturelibrary/images/ic/640x360/f/fa/falconiformes/falconiformes_1.jpg
http://ichef.bbci.co.uk/naturelibrary/images/ic/640x360/a/an/annelid/annelid_1.jpg
http://ichef.bbci.co.uk/naturelibrary/images/ic/83x104/a/an/annelid/annelid_1.jpg
http://ichef.bbci.co.uk/naturelibrary/images/ic/640x360/a/an/anas/anas_1.jpg
http://ichef.bbci.co.uk/naturelibrary/images/ic/83x104/a/an/anas/anas_1.jpg
http://ichef.bbci.co.uk/naturelibrary/images/ic/640x360/s/se/sedge_warbler/sedge_warbler_1.jpg
http://ichef.bbci.co.uk/naturelibrary/images/ic/83x104/s/se/sedge_warbler/sedge_warbler_1.jpg
http://ichef.bbci.co.uk/naturelibrary/images/ic/640x360/m/ma/magellanic_penguin/magellanic_penguin_1.jpg
http://ichef.bbci.co.uk/naturelibrary/images/ic/83x104/m/ma/magellanic_penguin/magellanic_penguin_1.jpg
http://ichef.bbci.co.uk/naturelibrary/images/ic/640x360/b/bl/black_rhinoceros/black_rhinoceros_1.jpg
http://ichef.bbci.co.uk/naturelibrary/images/ic/83x104/b/bl/black_rhinoceros/black_rhinoceros_1.jpg
http://ichef.bbci.co.uk/naturelibrary/images/ic/640x360/c/cr/crocodylus/crocodylus_1.jpg
http://ichef.bbci.co.uk/naturelibrary/images/ic/83x104/c/cr/crocodylus/crocodylus_1.jpg
http://ichef.bbci.co.uk/naturelibrary/images/ic/640x360/m/me/mexican_free-tailed_bat/mexican_free-tailed_bat_1.jpg
http://ichef.bbci.co.uk/naturelibrary/images/ic/83x104/m/me/mexican_free-tailed_bat/mexican_free-tailed_bat_1.jpg
http://ichef.bbci.co.uk/naturelibrary/images/ic/640x360/f/fi/field_vole/field_vole_1.jpg
http://ichef.bbci.co.uk/naturelibrary/images/ic/83x104/f/fi/field_vole/field_vole_1.jpg
http://ichef.bbci.co.uk/naturelibrary/images/ic/640x360/y/ye/yellow_meadow_ant/yellow_meadow_ant_1.jpg
http://ichef.bbci.co.uk/naturelibrary/images/ic/83x104/y/ye/yellow_meadow_ant/yellow_meadow_ant_1.jpg
http://ichef.bbci.co.uk/naturelibrary/images/ic/640x360/a/ar/arctic_tern/arctic_tern_1.jpg
http://ichef.bbci.co.uk/naturelibrary/images/ic/640x360/d/da/dama/dama_1.jpg
http://ichef.bbci.co.uk/naturelibrary/images/ic/83x104/d/da/dama/dama_1.jpg
