http://ichef.bbci.co.uk/naturelibrary/images/ic/640x360/a/ac/accipitridae/accipitridae_1.jpg
http://ichef.bbci.co.uk/naturelibrary/images/ic/83x104/a/ac/accipitridae/accipitridae_1.jpg
http://ichef.bbci.co.uk/naturelibrary/images/ic/640x360/s/st/stingray/stingray_1.jpg
http://ichef.bbci.co.uk/naturelibrary/images/ic/83x104/s/st/stingray/stingray_1.jpg
http://ichef.bbci.co.uk/naturelibrary/images/ic/640x360/a/af/african_wild_dog/african_wild_dog_1.jpg
http://ichef.bbci.co.uk/naturelibrary/images/ic/83x104/a/af/african_wild_dog/african_wild_dog_1.jpg
http://ichef.bbci.co.uk/naturelibrary/images/ic/640x360/g/gi/giant_tube_worm/giant_tube_worm_1.jpg
http://ichef.bbci.co.uk/naturelibrary/images/ic/83x104/g/gi/giant_tube_worm/giant_tube_worm_1.jpg
http://ichef.bbci.co.uk/naturelibrary/images/ic/640x360/r/ra/raccoon/raccoon_1.jpg
http://ichef.bbci.co.uk/naturelibrary/images/ic/83x104/r/ra/raccoon/raccoon_1.jpg
http://ichef.bbci.co.uk/naturelibrary/images/ic/640x360/d/di/diplodocus/diplodocus_1.jpg
http://ichef.bbci.co.uk/naturelibrary/images/ic/83x104/d/di/diplodocus/diplodocus_1.jpg
http://ichef.bbci.co.uk/naturelibrary/images/ic/640x360/s/se/sessility_zoology/sessility_zoology_1.jpg
http://ichef.bbci.co.uk/naturelibrary/images/ic/83x104/s/se/sessility_zoology/sessility_zoology_1.jpg
http://ichef.bbci.co.uk/naturelibrary/images/ic/640x360/a/ar/arachnocampa/arachnocampa_1.jpg
http://ichef.bbci.co.uk/naturelibrary/images/ic/83x104/a/ar/arachnocampa/arachnocampa_1.jpg
http://ichef.bbci.co.uk/naturelibrary/images/ic/640x360/h/ha/hadrosaurid/hadrosaurid_1.jpg
http://ichef.bbci.co.uk/naturelibrary/images/ic/83x104/h/ha/hadrosaurid/hadrosaurid_1.jpg
http://ichef.bbci.co.uk/naturelibrary/images/ic/640x360/a/ac/acrocephalus/acrocephalus_1.jpg
http://ichef.bbci.co.uk/naturelibrary/images/ic/83x104/a/ac/acrocephalus/acrocephalus_1.jpg
http://ichef.bbci.co.uk/naturelibrary/images/ic/640x360/c/co/cockatoo/cockatoo_1.jpg
http://ichef.bbci.co.uk/naturelibrary/images/ic/83x104/c/co/cockatoo/cockatoo_1.jpg
http://ichef.bbci.co.uk/naturelibrary/images/ic/640x360/c/cr/crocodile/crocodile_1.jpg
http://ichef.bbci.co.uk/naturelibrary/images/ic/640x360/a/an/anguidae/anguidae_1.jpg
http://ichef.bbci.co.uk/naturelibrary/images/ic/83x104/a/an/anguidae/anguidae_1.jpg
http://ichef.bbci.co.uk/naturelibrary/images/ic/640x360/l/le/lemuridae/lemuridae_1.jpg
http://ichef.bbci.co.uk/naturelibrary/images/ic/83x104/l/le/lemuridae/lemuridae_1.jpg
http://ichef.bbci.co.uk/naturelibrary/images/ic/640x360/v/ve/vespula/vespula_1.jpg
http://ichef.bbci.co.uk/naturelibrary/images/ic/83x104/v/ve/vespula/vespula_1.jpg
