http://ichef.bbci.co.uk/naturelibrary/images/ic/640x360/a/at/atelidae/atelidae_1.jpg
http://ichef.bbci.co.uk/naturelibrary/images/ic/83x104/a/at/atelidae/atelidae_1.jpg
http://ichef.bbci.co.uk/naturelibrary/images/ic/640x360/c/co/coot/coot_1.jpg
http://ichef.bbci.co.uk/naturelibrary/images/ic/83x104/c/co/coot/coot_1.jpg
http://ichef.bbci.co.uk/naturelibrary/images/ic/640x360/c/ca/campephilus/campephilus_1.jpg
http://ichef.bbci.co.uk/naturelibrary/images/ic/83x104/c/ca/campephilus/campephilus_1.jpg
http://ichef.bbci.co.uk/naturelibrary/images/ic/640x360/l/le/leopard/leopard_1.jpg
http://ichef.bbci.co.uk/naturelibrary/images/ic/640x360/p/pr/propalaeotherium/propalaeotherium_1.jpg
http://ichef.bbci.co.uk/naturelibrary/images/ic/83x104/p/pr/propalaeotherium/propalaeotherium_1.jpg
http://ichef.bbci.co.uk/naturelibrary/images/ic/640x360/l/lo/long-eared_hedgehog/long-eared_hedgehog_1.jpg
http://ichef.bbci.co.uk/naturelibrary/images/ic/83x104/l/lo/long-eared_hedgehog/long-eared_hedgehog_1.jpg
http://ichef.bbci.co.uk/naturelibrary/images/ic/640x360/h/hi/high_brown_fritillary/high_brown_fritillary_1.jpg
http://ichef.bbci.co.uk/naturelibrary/images/ic/640x360/f/fr/frog/frog_1.jpg
http://ichef.bbci.co.uk/naturelibrary/images/ic/640x360/g/gr/gray_mouse_lemur/gray_mouse_lemur_1.jpg
http://ichef.bbci.co.uk/naturelibrary/images/ic/83x104/g/gr/gray_mouse_lemur/gray_mouse_lemur_1.jpg
http://ichef.bbci.co.uk/naturelibrary/images/ic/640x360/r/re/reef/reef_1.jpg
http://ichef.bbci.co.uk/naturelibrary/images/ic/640x360/l/li/liliaceae/liliaceae_1.jpg
http://ichef.bbci.co.uk/naturelibrary/images/ic/83x104/l/li/liliaceae/liliaceae_1.jpg
http://ichef.bbci.co.uk/naturelibrary/images/ic/640x360/d/do/dolomedes/dolomedes_1.jpg
http://ichef.bbci.co.uk/naturelibrary/images/ic/83x104/d/do/dolomedes/dolomedes_1.jpg
http://ichef.bbci.co.uk/naturelibrary/images/ic/640x360/p/pe/petauridae/petauridae_1.jpg
http://ichef.bbci.co.uk/naturelibrary/images/ic/83x104/p/pe/petauridae/petauridae_1.jpg
http://ichef.bbci.co.uk/naturelibrary/images/ic/640x360/t/tr/triceratops/triceratops_1.jpg
http://ichef.bbci.co.uk/naturelibrary/images/ic/83x104/t/tr/triceratops/triceratops_1.jpg
http://ichef.bbci.co.uk/naturelibrary/images/ic/640x360/c/ca/cape_gannet/cape_gannet_1.jpg
http://ichef.bbci.co.uk/naturelibrary/images/ic/83x104/c/ca/cape_gannet/cape_gannet_1.jpg
http://ichef.bbci.co.uk/naturelibrary/images/ic/640x360/n/nu/nubian_ibex/nubian_ibex_1.jpg
http://ichef.bbci.co.uk/naturelibrary/images/ic/83x104/n/nu/nubian_ibex/nubian_ibex_1.jpg
http://ichef.bbci.co.uk/naturelibrary/images/ic/640x360/s/sp/sperm_whale/sperm_whale_1.jpg
http://ichef.bbci.co.uk/naturelibrary/images/ic/640x360/g/gi/giraffe_weevil/giraffe_weevil_1.jpg
http://ichef.bbci.co.uk/naturelibrary/images/ic/83x104/g/gi/giraffe_weevil/giraffe_weevil_1.jpg
http://ichef.bbci.co.uk/naturelibrary/images/ic/640x360/g/gi/giraffe/giraffe_1.jpg
http://ichef.bbci.co.uk/naturelibrary/images/ic/640x360/c/ca/camelid/camelid_1.jpg
http://ichef.bbci.co.uk/naturelibrary/images/ic/83x104/c/ca/camelid/camelid_1.jpg
