http://ichef.bbci.co.uk/naturelibrary/images/ic/640x360/c/co/common_buzzard/common_buzzard_1.jpg
http://ichef.bbci.co.uk/naturelibrary/images/ic/640x360/t/th/thermophile/thermophile_1.jpg
http://ichef.bbci.co.uk/naturelibrary/images/ic/83x104/t/th/thermophile/thermophile_1.jpg
http://ichef.bbci.co.uk/naturelibrary/images/ic/640x360/v/ve/vespula_vulgaris/vespula_vulgaris_1.jpg
http://ichef.bbci.co.uk/naturelibrary/images/ic/83x104/v/ve/vespula_vulgaris/vespula_vulgaris_1.jpg
http://ichef.bbci.co.uk/naturelibrary/images/ic/640x360/p/ph/pholidota/pholidota_1.jpg
http://ichef.bbci.co.uk/naturelibrary/images/ic/83x104/p/ph/pholidota/pholidota_1.jpg
http://ichef.bbci.co.uk/naturelibrary/images/ic/640x360/r/re/reed_bunting/reed_bunting_1.jpg
http://ichef.bbci.co.uk/naturelibrary/images/ic/83x104/r/re/reed_bunting/reed_bunting_1.jpg
http://ichef.bbci.co.uk/naturelibrary/images/ic/640x360/o/os/osprey/osprey_1.jpg
http://ichef.bbci.co.uk/naturelibrary/images/ic/640x360/a/ai/ailuridae/ailuridae_1.jpg
http://ichef.bbci.co.uk/naturelibrary/images/ic/83x104/a/ai/ailuridae/ailuridae_1.jpg
http://ichef.bbci.co.uk/naturelibrary/images/ic/640x360/t/te/texas_blind_salamander/texas_blind_salamander_1.jpg
http://ichef.bbci.co.uk/naturelibrary/images/ic/83x104/t/te/texas_blind_salamander/texas_blind_salamander_1.jpg
http://ichef.bbci.co.uk/naturelibrary/images/ic/640x360/s/sq/squamata/squamata_1.jpg
http://ichef.bbci.co.uk/naturelibrary/images/ic/83x104/s/sq/squamata/squamata_1.jpg
http://ichef.bbci.co.uk/naturelibrary/images/ic/640x360/h/ho/honey_buzzard/honey_buzzard_1.jpg
http://ichef.bbci.co.uk/naturelibrary/images/ic/83x104/h/ho/honey_buzzard/honey_buzzard_1.jpg
http://ichef.bbci.co.uk/naturelibrary/images/ic/640x360/s/sa/saguaro/saguaro_1.jpg
http://ichef.bbci.co.uk/naturelibrary/images/ic/640x360/m/ma/malacostraca/malacostraca_1.jpg
http://ichef.bbci.co.uk/naturelibrary/images/ic/83x104/m/ma/malacostraca/malacostraca_1.jpg
http://ichef.bbci.co.uk/naturelibrary/images/ic/640x360/t/tu/tundra/tundra_1.jpg
http://ichef.bbci.co.uk/naturelibrary/images/ic/83x104/t/tu/tundra/tundra_1.jpg
http://ichef.bbci.co.uk/naturelibrary/images/ic/640x360/o/ol/old_world_swallowtail/old_world_swallowtail_1.jpg
http://ichef.bbci.co.uk/naturelibrary/images/ic/83x104/o/ol/old_world_swallowtail/old_world_swallowtail_1.jpg
http://ichef.bbci.co.uk/naturelibrary/images/ic/640x360/p/pa/pack_hunter/pack_hunter_1.jpg
http://ichef.bbci.co.uk/naturelibrary/images/ic/83x104/p/pa/pack_hunter/pack_hunter_1.jpg
http://ichef.bbci.co.uk/naturelibrary/images/ic/640x360/t/te/temmincks_tragopan/temmincks_tragopan_1.jpg
http://ichef.bbci.co.uk/naturelibrary/images/ic/83x104/t/te/temmincks_tragopan/temmincks_tragopan_1.jpg
http://ichef.bbci.co.uk/naturelibrary/images/ic/640x360/f/fr/frill-necked_lizard/frill-necked_lizard_1.jpg
http://ichef.bbci.co.uk/naturelibrary/images/ic/83x104/f/fr/frill-necked_lizard/frill-necked_lizard_1.jpg
http://ichef.bbci.co.uk/naturelibrary/images/ic/640x360/r/ri/river_kingfishers/river_kingfishers_1.jpg
http://ichef.bbci.co.uk/naturelibrary/images/ic/83x104/r/ri/river_kingfishers/river_kingfishers_1.jpg
http://ichef.bbci.co.uk/naturelibrary/images/ic/640x360/b/ba/bat/bat_1.jpg
http://ichef.bbci.co.uk/naturelibrary/images/ic/83x104/b/ba/bat/bat_1.jpg
http://ichef.bbci.co.uk/naturelibrary/images/ic/640x360/b/br/brown_basilisk/brown_basilisk_1.jpg
http://ichef.bbci.co.uk/naturelibrary/images/ic/83x104/b/br/brown_basilisk/brown_basilisk_1.jpg
http://ichef.bbci.co.uk/naturelibrary/images/ic/640x360/t/ty/typical_warbler/typical_warbler_1.jpg
http://ichef.bbci.co.uk/naturelibrary/images/ic/83x104/t/ty/typical_warbler/typical_warbler_1.jpg
http://ichef.bbci.co.uk/naturelibrary/images/ic/640x360/t/ty/tyrannosaurus/tyrannosaurus_1.jpg
http://ichef.bbci.co.uk/naturelibrary/images/ic/83x104/t/ty/tyrannosaurus/tyrannosaurus_1.jpg
http://ichef.bbci.co.uk/naturelibrary/images/ic/640x360/e/el/elk/elk_1.jpg
http://ichef.bbci.co.uk/naturelibrary/images/ic/83x104/e/el/elk/elk_1.jpg
http://ichef.bbci.co.uk/naturelibrary/images/ic/640x360/c/ch/chordate/chordate_1.jpg
http://ichef.bbci.co.uk/naturelibrary/images/ic/83x104/c/ch/chordate/chordate_1.jpg
http://ichef.bbci.co.uk/naturelibrary/images/ic/640x360/s/sw/swallow/swallow_1.jpg
http://ichef.bbci.co.uk/naturelibrary/images/ic/640x360/w/wa/waved_albatross/waved_albatross_1.jpg
http://ichef.bbci.co.uk/naturelibrary/images/ic/83x104/w/wa/waved_albatross/waved_albatross_1.jpg
http://ichef.bbci.co.uk/naturelibrary/images/ic/640x360/w/wh/white-nosed_coati/white-nosed_coati_1.jpg
http://ichef.bbci.co.uk/naturelibrary/images/ic/83x104/w/wh/white-nosed_coati/white-nosed_coati_1.jpg
http://ichef.bbci.co.uk/naturelibrary/images/ic/261x326/collections/p00bt4d3/portrait.jpg
http://ichef.bbci.co.uk/naturelibrary/images/ic/640x360/r/re/red-billed_chough/red-billed_chough_1.jpg
http://ichef.bbci.co.uk/naturelibrary/images/ic/83x104/r/re/red-billed_chough/red-billed_chough_1.jpg
http://ichef.bbci.co.uk/naturelibrary/images/ic/640x360/h/he/helix_aspersa/helix_aspersa_1.jpg
http://ichef.bbci.co.uk/naturelibrary/images/ic/640x360/f/fo/formica_lugubris/formica_lugubris_1.jpg
http://ichef.bbci.co.uk/naturelibrary/images/ic/83x104/f/fo/formica_lugubris/formica_lugubris_1.jpg
http://ichef.bbci.co.uk/naturelibrary/images/ic/640x360/r/ra/rajiformes/rajiformes_1.jpg
http://ichef.bbci.co.uk/naturelibrary/images/ic/83x104/r/ra/rajiformes/rajiformes_1.jpg
http://ichef.bbci.co.uk/naturelibrary/images/ic/640x360/l/le/leptictida/leptictida_1.jpg
http://ichef.bbci.co.uk/naturelibrary/images/ic/83x104/l/le/leptictida/leptictida_1.jpg
http://ichef.bbci.co.uk/naturelibrary/images/ic/640x360/g/gi/gibbon/gibbon_1.jpg
http://ichef.bbci.co.uk/naturelibrary/images/ic/83x104/g/gi/gibbon/gibbon_1.jpg
http://ichef.bbci.co.uk/naturelibrary/images/ic/640x360/c/ca/calopteryx/calopteryx_1.jpg
http://ichef.bbci.co.uk/naturelibrary/images/ic/83x104/c/ca/calopteryx/calopteryx_1.jpg
http://ichef.bbci.co.uk/naturelibrary/images/ic/640x360/p/pr/procellariiformes/procellariiformes_1.jpg
http://ichef.bbci.co.uk/naturelibrary/images/ic/83x104/p/pr/procellariiformes/procellariiformes_1.jpg
http://ichef.bbci.co.uk/naturelibrary/images/ic/640x360/b/be/beetle/beetle_1.jpg
http://ichef.bbci.co.uk/naturelibrary/images/ic/83x104/b/be/beetle/beetle_1.jpg
http://ichef.bbci.co.uk/naturelibrary/images/ic/640x360/o/os/ostrich/ostrich_1.jpg
http://ichef.bbci.co.uk/naturelibrary/images/ic/640x360/p/ph/phascolarctidae/phascolarctidae_1.jpg
http://ichef.bbci.co.uk/naturelibrary/images/ic/83x104/p/ph/phascolarctidae/phascolarctidae_1.jpg
http://ichef.bbci.co.uk/naturelibrary/images/ic/640x360/a/ar/arthropod/arthropod_1.jpg
http://ichef.bbci.co.uk/naturelibrary/images/ic/83x104/a/ar/arthropod/arthropod_1.jpg
http://ichef.bbci.co.uk/naturelibrary/images/ic/640x360/s/sa/saurischia/saurischia_1.jpg
http://ichef.bbci.co.uk/naturelibrary/images/ic/83x104/s/sa/saurischia/saurischia_1.jpg
http://ichef.bbci.co.uk/naturelibrary/images/ic/640x360/m/ma/mammal/mammal_1.jpg
http://ichef.bbci.co.uk/naturelibrary/images/ic/83x104/m/ma/mammal/mammal_1.jpg
http://ichef.bbci.co.uk/naturelibrary/images/ic/640x360/s/sh/short-tailed_shearwater/short-tailed_shearwater_1.jpg
http://ichef.bbci.co.uk/naturelibrary/images/ic/640x360/d/de/deer/deer_1.jpg
http://ichef.bbci.co.uk/naturelibrary/images/ic/640x360/m/ma/mammutidae/mammutidae_1.jpg
http://ichef.bbci.co.uk/naturelibrary/images/ic/83x104/m/ma/mammutidae/mammutidae_1.jpg
http://ichef.bbci.co.uk/naturelibrary/images/ic/640x360/p/pr/procellariidae/procellariidae_1.jpg
http://ichef.bbci.co.uk/naturelibrary/images/ic/83x104/p/pr/procellariidae/procellariidae_1.jpg
http://ichef.bbci.co.uk/naturelibrary/images/ic/640x360/b/bi/bird/bird_1.jpg
http://ichef.bbci.co.uk/naturelibrary/images/ic/640x360/g/gr/gray_wolf/gray_wolf_1.jpg
http://ichef.bbci.co.uk/naturelibrary/images/ic/640x360/c/ce/cetacea/cetacea_1.jpg
http://ichef.bbci.co.uk/naturelibrary/images/ic/83x104/c/ce/cetacea/cetacea_1.jpg
http://ichef.bbci.co.uk/naturelibrary/images/ic/640x360/m/ma/marlin/marlin_1.jpg
http://ichef.bbci.co.uk/naturelibrary/images/ic/83x104/m/ma/marlin/marlin_1.jpg
http://ichef.bbci.co.uk/naturelibrary/images/ic/640x360/m/ma/mallard/mallard_1.jpg
http://ichef.bbci.co.uk/naturelibrary/images/ic/640x360/a/as/asteriidae/asteriidae_1.jpg
http://ichef.bbci.co.uk/naturelibrary/images/ic/83x104/a/as/asteriidae/asteriidae_1.jpg
http://ichef.bbci.co.uk/naturelibrary/images/ic/640x360/a/an/antilocapridae/antilocapridae_1.jpg
http://ichef.bbci.co.uk/naturelibrary/images/ic/83x104/a/an/antilocapridae/antilocapridae_1.jpg
